studentId,password,name,batch,collegeEmail,personalEmail,phone,dob,advisorId,currentTermNumber,branch
22CS001,pass1234,Student_22CS001,2022,22cs001@university.edu,22cs001@gmail.com,9300020001,2004-07-02,CSFA1,8,CSE
22CS002,pass1234,Student_22CS002,2022,22cs002@university.edu,22cs002@gmail.com,9300020002,2004-08-03,CSFA2,8,CSE
22CS003,pass1234,Student_22CS003,2022,22cs003@university.edu,22cs003@gmail.com,9300020003,2004-09-04,CSFA3,8,CSE
22CS004,pass1234,Student_22CS004,2022,22cs004@university.edu,22cs004@gmail.com,9300020004,2004-10-05,CSFA4,8,CSE
22CS005,pass1234,Student_22CS005,2022,22cs005@university.edu,22cs005@gmail.com,9300020005,2004-11-06,CSFA1,8,CSE
22CS006,pass1234,Student_22CS006,2022,22cs006@university.edu,22cs006@gmail.com,9300020006,2004-12-07,CSFA2,8,CSE
22CS007,pass1234,Student_22CS007,2022,22cs007@university.edu,22cs007@gmail.com,9300020007,2004-01-08,CSFA3,8,CSE
22CS008,pass1234,Student_22CS008,2022,22cs008@university.edu,22cs008@gmail.com,9300020008,2004-02-09,CSFA4,8,CSE
22CS009,pass1234,Student_22CS009,2022,22cs009@university.edu,22cs009@gmail.com,9300020009,2004-03-10,CSFA1,8,CSE
22CS010,pass1234,Student_22CS010,2022,22cs010@university.edu,22cs010@gmail.com,9300020010,2004-04-11,CSFA2,8,CSE
22CS011,pass1234,Student_22CS011,2022,22cs011@university.edu,22cs011@gmail.com,9300020011,2004-05-12,CSFA3,8,CSE
22CS012,pass1234,Student_22CS012,2022,22cs012@university.edu,22cs012@gmail.com,9300020012,2004-06-13,CSFA4,8,CSE
22CS013,pass1234,Student_22CS013,2022,22cs013@university.edu,22cs013@gmail.com,9300020013,2004-07-14,CSFA1,8,CSE
22CS014,pass1234,Student_22CS014,2022,22cs014@university.edu,22cs014@gmail.com,9300020014,2004-08-15,CSFA2,8,CSE
22CS015,pass1234,Student_22CS015,2022,22cs015@university.edu,22cs015@gmail.com,9300020015,2004-09-16,CSFA3,8,CSE
22CS016,pass1234,Student_22CS016,2022,22cs016@university.edu,22cs016@gmail.com,9300020016,2004-10-17,CSFA4,8,CSE
22CS017,pass1234,Student_22CS017,2022,22cs017@university.edu,22cs017@gmail.com,9300020017,2004-11-18,CSFA1,8,CSE
22CS018,pass1234,Student_22CS018,2022,22cs018@university.edu,22cs018@gmail.com,9300020018,2004-12-19,CSFA2,8,CSE
22CS019,pass1234,Student_22CS019,2022,22cs019@university.edu,22cs019@gmail.com,9300020019,2004-01-20,CSFA3,8,CSE
22CS020,pass1234,Student_22CS020,2022,22cs020@university.edu,22cs020@gmail.com,9300020020,2004-02-21,CSFA4,8,CSE
22CS021,pass1234,Student_22CS021,2022,22cs021@university.edu,22cs021@gmail.com,9300020021,2004-03-22,CSFA1,8,CSE
22CS022,pass1234,Student_22CS022,2022,22cs022@university.edu,22cs022@gmail.com,9300020022,2004-04-23,CSFA2,8,CSE
22CS023,pass1234,Student_22CS023,2022,22cs023@university.edu,22cs023@gmail.com,9300020023,2004-05-24,CSFA3,8,CSE
22CS024,pass1234,Student_22CS024,2022,22cs024@university.edu,22cs024@gmail.com,9300020024,2004-06-25,CSFA4,8,CSE
22CS025,pass1234,Student_22CS025,2022,22cs025@university.edu,22cs025@gmail.com,9300020025,2004-07-26,CSFA1,8,CSE
22CS026,pass1234,Student_22CS026,2022,22cs026@university.edu,22cs026@gmail.com,9300020026,2004-08-27,CSFA2,8,CSE
22CS027,pass1234,Student_22CS027,2022,22cs027@university.edu,22cs027@gmail.com,9300020027,2004-09-28,CSFA3,8,CSE
22CS028,pass1234,Student_22CS028,2022,22cs028@university.edu,22cs028@gmail.com,9300020028,2004-10-01,CSFA4,8,CSE
22CS029,pass1234,Student_22CS029,2022,22cs029@university.edu,22cs029@gmail.com,9300020029,2004-11-02,CSFA1,8,CSE
22CS030,pass1234,Student_22CS030,2022,22cs030@university.edu,22cs030@gmail.com,9300020030,2004-12-03,CSFA2,8,CSE
22CS031,pass1234,Student_22CS031,2022,22cs031@university.edu,22cs031@gmail.com,9300020031,2004-01-04,CSFA3,8,CSE
22CS032,pass1234,Student_22CS032,2022,22cs032@university.edu,22cs032@gmail.com,9300020032,2004-02-05,CSFA4,8,CSE
22CS033,pass1234,Student_22CS033,2022,22cs033@university.edu,22cs033@gmail.com,9300020033,2004-03-06,CSFA1,8,CSE
22CS034,pass1234,Student_22CS034,2022,22cs034@university.edu,22cs034@gmail.com,9300020034,2004-04-07,CSFA2,8,CSE
22CS035,pass1234,Student_22CS035,2022,22cs035@university.edu,22cs035@gmail.com,9300020035,2004-05-08,CSFA3,8,CSE
22CS036,pass1234,Student_22CS036,2022,22cs036@university.edu,22cs036@gmail.com,9300020036,2004-06-09,CSFA4,8,CSE
22CS037,pass1234,Student_22CS037,2022,22cs037@university.edu,22cs037@gmail.com,9300020037,2004-07-10,CSFA1,8,CSE
22CS038,pass1234,Student_22CS038,2022,22cs038@university.edu,22cs038@gmail.com,9300020038,2004-08-11,CSFA2,8,CSE
22CS039,pass1234,Student_22CS039,2022,22cs039@university.edu,22cs039@gmail.com,9300020039,2004-09-12,CSFA3,8,CSE
22CS040,pass1234,Student_22CS040,2022,22cs040@university.edu,22cs040@gmail.com,9300020040,2004-10-13,CSFA4,8,CSE
22CS041,pass1234,Student_22CS041,2022,22cs041@university.edu,22cs041@gmail.com,9300020041,2004-11-14,CSFA1,8,CSE
22CS042,pass1234,Student_22CS042,2022,22cs042@university.edu,22cs042@gmail.com,9300020042,2004-12-15,CSFA2,8,CSE
22CS043,pass1234,Student_22CS043,2022,22cs043@university.edu,22cs043@gmail.com,9300020043,2004-01-16,CSFA3,8,CSE
22CS044,pass1234,Student_22CS044,2022,22cs044@university.edu,22cs044@gmail.com,9300020044,2004-02-17,CSFA4,8,CSE
22CS045,pass1234,Student_22CS045,2022,22cs045@university.edu,22cs045@gmail.com,9300020045,2004-03-18,CSFA1,8,CSE
22CS046,pass1234,Student_22CS046,2022,22cs046@university.edu,22cs046@gmail.com,9300020046,2004-04-19,CSFA2,8,CSE
22CS047,pass1234,Student_22CS047,2022,22cs047@university.edu,22cs047@gmail.com,9300020047,2004-05-20,CSFA3,8,CSE
22CS048,pass1234,Student_22CS048,2022,22cs048@university.edu,22cs048@gmail.com,9300020048,2004-06-21,CSFA4,8,CSE
22CS049,pass1234,Student_22CS049,2022,22cs049@university.edu,22cs049@gmail.com,9300020049,2004-07-22,CSFA1,8,CSE
22CS050,pass1234,Student_22CS050,2022,22cs050@university.edu,22cs050@gmail.com,9300020050,2004-08-23,CSFA2,8,CSE
22CS051,pass1234,Student_22CS051,2022,22cs051@university.edu,22cs051@gmail.com,9300020051,2004-09-24,CSFA3,8,CSE
22CS052,pass1234,Student_22CS052,2022,22cs052@university.edu,22cs052@gmail.com,9300020052,2004-10-25,CSFA4,8,CSE
22CS053,pass1234,Student_22CS053,2022,22cs053@university.edu,22cs053@gmail.com,9300020053,2004-11-26,CSFA1,8,CSE
22CS054,pass1234,Student_22CS054,2022,22cs054@university.edu,22cs054@gmail.com,9300020054,2004-12-27,CSFA2,8,CSE
22CS055,pass1234,Student_22CS055,2022,22cs055@university.edu,22cs055@gmail.com,9300020055,2004-01-28,CSFA3,8,CSE
22CS056,pass1234,Student_22CS056,2022,22cs056@university.edu,22cs056@gmail.com,9300020056,2004-02-01,CSFA4,8,CSE
22CS057,pass1234,Student_22CS057,2022,22cs057@university.edu,22cs057@gmail.com,9300020057,2004-03-02,CSFA1,8,CSE
22CS058,pass1234,Student_22CS058,2022,22cs058@university.edu,22cs058@gmail.com,9300020058,2004-04-03,CSFA2,8,CSE
22CS059,pass1234,Student_22CS059,2022,22cs059@university.edu,22cs059@gmail.com,9300020059,2004-05-04,CSFA3,8,CSE
22CS060,pass1234,Student_22CS060,2022,22cs060@university.edu,22cs060@gmail.com,9300020060,2004-06-05,CSFA4,8,CSE
22CS061,pass1234,Student_22CS061,2022,22cs061@university.edu,22cs061@gmail.com,9300020061,2004-07-06,CSFA1,8,CSE
22CS062,pass1234,Student_22CS062,2022,22cs062@university.edu,22cs062@gmail.com,9300020062,2004-08-07,CSFA2,8,CSE
22CS063,pass1234,Student_22CS063,2022,22cs063@university.edu,22cs063@gmail.com,9300020063,2004-09-08,CSFA3,8,CSE
22CS064,pass1234,Student_22CS064,2022,22cs064@university.edu,22cs064@gmail.com,9300020064,2004-10-09,CSFA4,8,CSE
22CS065,pass1234,Student_22CS065,2022,22cs065@university.edu,22cs065@gmail.com,9300020065,2004-11-10,CSFA1,8,CSE
22CS066,pass1234,Student_22CS066,2022,22cs066@university.edu,22cs066@gmail.com,9300020066,2004-12-11,CSFA2,8,CSE
22CS067,pass1234,Student_22CS067,2022,22cs067@university.edu,22cs067@gmail.com,9300020067,2004-01-12,CSFA3,8,CSE
22CS068,pass1234,Student_22CS068,2022,22cs068@university.edu,22cs068@gmail.com,9300020068,2004-02-13,CSFA4,8,CSE
22CS069,pass1234,Student_22CS069,2022,22cs069@university.edu,22cs069@gmail.com,9300020069,2004-03-14,CSFA1,8,CSE
22CS070,pass1234,Student_22CS070,2022,22cs070@university.edu,22cs070@gmail.com,9300020070,2004-04-15,CSFA2,8,CSE
22CS071,pass1234,Student_22CS071,2022,22cs071@university.edu,22cs071@gmail.com,9300020071,2004-05-16,CSFA3,8,CSE
22CS072,pass1234,Student_22CS072,2022,22cs072@university.edu,22cs072@gmail.com,9300020072,2004-06-17,CSFA4,8,CSE
22CS073,pass1234,Student_22CS073,2022,22cs073@university.edu,22cs073@gmail.com,9300020073,2004-07-18,CSFA1,8,CSE
22CS074,pass1234,Student_22CS074,2022,22cs074@university.edu,22cs074@gmail.com,9300020074,2004-08-19,CSFA2,8,CSE
22CS075,pass1234,Student_22CS075,2022,22cs075@university.edu,22cs075@gmail.com,9300020075,2004-09-20,CSFA3,8,CSE
22CS076,pass1234,Student_22CS076,2022,22cs076@university.edu,22cs076@gmail.com,9300020076,2004-10-21,CSFA4,8,CSE
22CS077,pass1234,Student_22CS077,2022,22cs077@university.edu,22cs077@gmail.com,9300020077,2004-11-22,CSFA1,8,CSE
22CS078,pass1234,Student_22CS078,2022,22cs078@university.edu,22cs078@gmail.com,9300020078,2004-12-23,CSFA2,8,CSE
22CS079,pass1234,Student_22CS079,2022,22cs079@university.edu,22cs079@gmail.com,9300020079,2004-01-24,CSFA3,8,CSE
22CS080,pass1234,Student_22CS080,2022,22cs080@university.edu,22cs080@gmail.com,9300020080,2004-02-25,CSFA4,8,CSE
22IT001,pass1234,Student_22IT001,2022,22it001@university.edu,22it001@gmail.com,9300020001,2004-07-02,ITFA1,8,IT
22IT002,pass1234,Student_22IT002,2022,22it002@university.edu,22it002@gmail.com,9300020002,2004-08-03,ITFA2,8,IT
22IT003,pass1234,Student_22IT003,2022,22it003@university.edu,22it003@gmail.com,9300020003,2004-09-04,ITFA3,8,IT
22IT004,pass1234,Student_22IT004,2022,22it004@university.edu,22it004@gmail.com,9300020004,2004-10-05,ITFA4,8,IT
22IT005,pass1234,Student_22IT005,2022,22it005@university.edu,22it005@gmail.com,9300020005,2004-11-06,ITFA1,8,IT
22IT006,pass1234,Student_22IT006,2022,22it006@university.edu,22it006@gmail.com,9300020006,2004-12-07,ITFA2,8,IT
22IT007,pass1234,Student_22IT007,2022,22it007@university.edu,22it007@gmail.com,9300020007,2004-01-08,ITFA3,8,IT
22IT008,pass1234,Student_22IT008,2022,22it008@university.edu,22it008@gmail.com,9300020008,2004-02-09,ITFA4,8,IT
22IT009,pass1234,Student_22IT009,2022,22it009@university.edu,22it009@gmail.com,9300020009,2004-03-10,ITFA1,8,IT
22IT010,pass1234,Student_22IT010,2022,22it010@university.edu,22it010@gmail.com,9300020010,2004-04-11,ITFA2,8,IT
22IT011,pass1234,Student_22IT011,2022,22it011@university.edu,22it011@gmail.com,9300020011,2004-05-12,ITFA3,8,IT
22IT012,pass1234,Student_22IT012,2022,22it012@university.edu,22it012@gmail.com,9300020012,2004-06-13,ITFA4,8,IT
22IT013,pass1234,Student_22IT013,2022,22it013@university.edu,22it013@gmail.com,9300020013,2004-07-14,ITFA1,8,IT
22IT014,pass1234,Student_22IT014,2022,22it014@university.edu,22it014@gmail.com,9300020014,2004-08-15,ITFA2,8,IT
22IT015,pass1234,Student_22IT015,2022,22it015@university.edu,22it015@gmail.com,9300020015,2004-09-16,ITFA3,8,IT
22IT016,pass1234,Student_22IT016,2022,22it016@university.edu,22it016@gmail.com,9300020016,2004-10-17,ITFA4,8,IT
22IT017,pass1234,Student_22IT017,2022,22it017@university.edu,22it017@gmail.com,9300020017,2004-11-18,ITFA1,8,IT
22IT018,pass1234,Student_22IT018,2022,22it018@university.edu,22it018@gmail.com,9300020018,2004-12-19,ITFA2,8,IT
22IT019,pass1234,Student_22IT019,2022,22it019@university.edu,22it019@gmail.com,9300020019,2004-01-20,ITFA3,8,IT
22IT020,pass1234,Student_22IT020,2022,22it020@university.edu,22it020@gmail.com,9300020020,2004-02-21,ITFA4,8,IT
22IT021,pass1234,Student_22IT021,2022,22it021@university.edu,22it021@gmail.com,9300020021,2004-03-22,ITFA1,8,IT
22IT022,pass1234,Student_22IT022,2022,22it022@university.edu,22it022@gmail.com,9300020022,2004-04-23,ITFA2,8,IT
22IT023,pass1234,Student_22IT023,2022,22it023@university.edu,22it023@gmail.com,9300020023,2004-05-24,ITFA3,8,IT
22IT024,pass1234,Student_22IT024,2022,22it024@university.edu,22it024@gmail.com,9300020024,2004-06-25,ITFA4,8,IT
22IT025,pass1234,Student_22IT025,2022,22it025@university.edu,22it025@gmail.com,9300020025,2004-07-26,ITFA1,8,IT
22IT026,pass1234,Student_22IT026,2022,22it026@university.edu,22it026@gmail.com,9300020026,2004-08-27,ITFA2,8,IT
22IT027,pass1234,Student_22IT027,2022,22it027@university.edu,22it027@gmail.com,9300020027,2004-09-28,ITFA3,8,IT
22IT028,pass1234,Student_22IT028,2022,22it028@university.edu,22it028@gmail.com,9300020028,2004-10-01,ITFA4,8,IT
22IT029,pass1234,Student_22IT029,2022,22it029@university.edu,22it029@gmail.com,9300020029,2004-11-02,ITFA1,8,IT
22IT030,pass1234,Student_22IT030,2022,22it030@university.edu,22it030@gmail.com,9300020030,2004-12-03,ITFA2,8,IT
22IT031,pass1234,Student_22IT031,2022,22it031@university.edu,22it031@gmail.com,9300020031,2004-01-04,ITFA3,8,IT
22IT032,pass1234,Student_22IT032,2022,22it032@university.edu,22it032@gmail.com,9300020032,2004-02-05,ITFA4,8,IT
22IT033,pass1234,Student_22IT033,2022,22it033@university.edu,22it033@gmail.com,9300020033,2004-03-06,ITFA1,8,IT
22IT034,pass1234,Student_22IT034,2022,22it034@university.edu,22it034@gmail.com,9300020034,2004-04-07,ITFA2,8,IT
22IT035,pass1234,Student_22IT035,2022,22it035@university.edu,22it035@gmail.com,9300020035,2004-05-08,ITFA3,8,IT
22IT036,pass1234,Student_22IT036,2022,22it036@university.edu,22it036@gmail.com,9300020036,2004-06-09,ITFA4,8,IT
22IT037,pass1234,Student_22IT037,2022,22it037@university.edu,22it037@gmail.com,9300020037,2004-07-10,ITFA1,8,IT
22IT038,pass1234,Student_22IT038,2022,22it038@university.edu,22it038@gmail.com,9300020038,2004-08-11,ITFA2,8,IT
22IT039,pass1234,Student_22IT039,2022,22it039@university.edu,22it039@gmail.com,9300020039,2004-09-12,ITFA3,8,IT
22IT040,pass1234,Student_22IT040,2022,22it040@university.edu,22it040@gmail.com,9300020040,2004-10-13,ITFA4,8,IT
22IT041,pass1234,Student_22IT041,2022,22it041@university.edu,22it041@gmail.com,9300020041,2004-11-14,ITFA1,8,IT
22IT042,pass1234,Student_22IT042,2022,22it042@university.edu,22it042@gmail.com,9300020042,2004-12-15,ITFA2,8,IT
22IT043,pass1234,Student_22IT043,2022,22it043@university.edu,22it043@gmail.com,9300020043,2004-01-16,ITFA3,8,IT
22IT044,pass1234,Student_22IT044,2022,22it044@university.edu,22it044@gmail.com,9300020044,2004-02-17,ITFA4,8,IT
22IT045,pass1234,Student_22IT045,2022,22it045@university.edu,22it045@gmail.com,9300020045,2004-03-18,ITFA1,8,IT
22IT046,pass1234,Student_22IT046,2022,22it046@university.edu,22it046@gmail.com,9300020046,2004-04-19,ITFA2,8,IT
22IT047,pass1234,Student_22IT047,2022,22it047@university.edu,22it047@gmail.com,9300020047,2004-05-20,ITFA3,8,IT
22IT048,pass1234,Student_22IT048,2022,22it048@university.edu,22it048@gmail.com,9300020048,2004-06-21,ITFA4,8,IT
22IT049,pass1234,Student_22IT049,2022,22it049@university.edu,22it049@gmail.com,9300020049,2004-07-22,ITFA1,8,IT
22IT050,pass1234,Student_22IT050,2022,22it050@university.edu,22it050@gmail.com,9300020050,2004-08-23,ITFA2,8,IT
22IT051,pass1234,Student_22IT051,2022,22it051@university.edu,22it051@gmail.com,9300020051,2004-09-24,ITFA3,8,IT
22IT052,pass1234,Student_22IT052,2022,22it052@university.edu,22it052@gmail.com,9300020052,2004-10-25,ITFA4,8,IT
22IT053,pass1234,Student_22IT053,2022,22it053@university.edu,22it053@gmail.com,9300020053,2004-11-26,ITFA1,8,IT
22IT054,pass1234,Student_22IT054,2022,22it054@university.edu,22it054@gmail.com,9300020054,2004-12-27,ITFA2,8,IT
22IT055,pass1234,Student_22IT055,2022,22it055@university.edu,22it055@gmail.com,9300020055,2004-01-28,ITFA3,8,IT
22IT056,pass1234,Student_22IT056,2022,22it056@university.edu,22it056@gmail.com,9300020056,2004-02-01,ITFA4,8,IT
22IT057,pass1234,Student_22IT057,2022,22it057@university.edu,22it057@gmail.com,9300020057,2004-03-02,ITFA1,8,IT
22IT058,pass1234,Student_22IT058,2022,22it058@university.edu,22it058@gmail.com,9300020058,2004-04-03,ITFA2,8,IT
22IT059,pass1234,Student_22IT059,2022,22it059@university.edu,22it059@gmail.com,9300020059,2004-05-04,ITFA3,8,IT
22IT060,pass1234,Student_22IT060,2022,22it060@university.edu,22it060@gmail.com,9300020060,2004-06-05,ITFA4,8,IT
22IT061,pass1234,Student_22IT061,2022,22it061@university.edu,22it061@gmail.com,9300020061,2004-07-06,ITFA1,8,IT
22IT062,pass1234,Student_22IT062,2022,22it062@university.edu,22it062@gmail.com,9300020062,2004-08-07,ITFA2,8,IT
22IT063,pass1234,Student_22IT063,2022,22it063@university.edu,22it063@gmail.com,9300020063,2004-09-08,ITFA3,8,IT
22IT064,pass1234,Student_22IT064,2022,22it064@university.edu,22it064@gmail.com,9300020064,2004-10-09,ITFA4,8,IT
22IT065,pass1234,Student_22IT065,2022,22it065@university.edu,22it065@gmail.com,9300020065,2004-11-10,ITFA1,8,IT
22IT066,pass1234,Student_22IT066,2022,22it066@university.edu,22it066@gmail.com,9300020066,2004-12-11,ITFA2,8,IT
22IT067,pass1234,Student_22IT067,2022,22it067@university.edu,22it067@gmail.com,9300020067,2004-01-12,ITFA3,8,IT
22IT068,pass1234,Student_22IT068,2022,22it068@university.edu,22it068@gmail.com,9300020068,2004-02-13,ITFA4,8,IT
22IT069,pass1234,Student_22IT069,2022,22it069@university.edu,22it069@gmail.com,9300020069,2004-03-14,ITFA1,8,IT
22IT070,pass1234,Student_22IT070,2022,22it070@university.edu,22it070@gmail.com,9300020070,2004-04-15,ITFA2,8,IT
22IT071,pass1234,Student_22IT071,2022,22it071@university.edu,22it071@gmail.com,9300020071,2004-05-16,ITFA3,8,IT
22IT072,pass1234,Student_22IT072,2022,22it072@university.edu,22it072@gmail.com,9300020072,2004-06-17,ITFA4,8,IT
22IT073,pass1234,Student_22IT073,2022,22it073@university.edu,22it073@gmail.com,9300020073,2004-07-18,ITFA1,8,IT
22IT074,pass1234,Student_22IT074,2022,22it074@university.edu,22it074@gmail.com,9300020074,2004-08-19,ITFA2,8,IT
22IT075,pass1234,Student_22IT075,2022,22it075@university.edu,22it075@gmail.com,9300020075,2004-09-20,ITFA3,8,IT
22IT076,pass1234,Student_22IT076,2022,22it076@university.edu,22it076@gmail.com,9300020076,2004-10-21,ITFA4,8,IT
22IT077,pass1234,Student_22IT077,2022,22it077@university.edu,22it077@gmail.com,9300020077,2004-11-22,ITFA1,8,IT
22IT078,pass1234,Student_22IT078,2022,22it078@university.edu,22it078@gmail.com,9300020078,2004-12-23,ITFA2,8,IT
22IT079,pass1234,Student_22IT079,2022,22it079@university.edu,22it079@gmail.com,9300020079,2004-01-24,ITFA3,8,IT
22IT080,pass1234,Student_22IT080,2022,22it080@university.edu,22it080@gmail.com,9300020080,2004-02-25,ITFA4,8,IT
22EC001,pass1234,Student_22EC001,2022,22ec001@university.edu,22ec001@gmail.com,9300020001,2004-07-02,ECFA1,8,ECE
22EC002,pass1234,Student_22EC002,2022,22ec002@university.edu,22ec002@gmail.com,9300020002,2004-08-03,ECFA2,8,ECE
22EC003,pass1234,Student_22EC003,2022,22ec003@university.edu,22ec003@gmail.com,9300020003,2004-09-04,ECFA3,8,ECE
22EC004,pass1234,Student_22EC004,2022,22ec004@university.edu,22ec004@gmail.com,9300020004,2004-10-05,ECFA4,8,ECE
22EC005,pass1234,Student_22EC005,2022,22ec005@university.edu,22ec005@gmail.com,9300020005,2004-11-06,ECFA1,8,ECE
22EC006,pass1234,Student_22EC006,2022,22ec006@university.edu,22ec006@gmail.com,9300020006,2004-12-07,ECFA2,8,ECE
22EC007,pass1234,Student_22EC007,2022,22ec007@university.edu,22ec007@gmail.com,9300020007,2004-01-08,ECFA3,8,ECE
22EC008,pass1234,Student_22EC008,2022,22ec008@university.edu,22ec008@gmail.com,9300020008,2004-02-09,ECFA4,8,ECE
22EC009,pass1234,Student_22EC009,2022,22ec009@university.edu,22ec009@gmail.com,9300020009,2004-03-10,ECFA1,8,ECE
22EC010,pass1234,Student_22EC010,2022,22ec010@university.edu,22ec010@gmail.com,9300020010,2004-04-11,ECFA2,8,ECE
22EC011,pass1234,Student_22EC011,2022,22ec011@university.edu,22ec011@gmail.com,9300020011,2004-05-12,ECFA3,8,ECE
22EC012,pass1234,Student_22EC012,2022,22ec012@university.edu,22ec012@gmail.com,9300020012,2004-06-13,ECFA4,8,ECE
22EC013,pass1234,Student_22EC013,2022,22ec013@university.edu,22ec013@gmail.com,9300020013,2004-07-14,ECFA1,8,ECE
22EC014,pass1234,Student_22EC014,2022,22ec014@university.edu,22ec014@gmail.com,9300020014,2004-08-15,ECFA2,8,ECE
22EC015,pass1234,Student_22EC015,2022,22ec015@university.edu,22ec015@gmail.com,9300020015,2004-09-16,ECFA3,8,ECE
22EC016,pass1234,Student_22EC016,2022,22ec016@university.edu,22ec016@gmail.com,9300020016,2004-10-17,ECFA4,8,ECE
22EC017,pass1234,Student_22EC017,2022,22ec017@university.edu,22ec017@gmail.com,9300020017,2004-11-18,ECFA1,8,ECE
22EC018,pass1234,Student_22EC018,2022,22ec018@university.edu,22ec018@gmail.com,9300020018,2004-12-19,ECFA2,8,ECE
22EC019,pass1234,Student_22EC019,2022,22ec019@university.edu,22ec019@gmail.com,9300020019,2004-01-20,ECFA3,8,ECE
22EC020,pass1234,Student_22EC020,2022,22ec020@university.edu,22ec020@gmail.com,9300020020,2004-02-21,ECFA4,8,ECE
22EC021,pass1234,Student_22EC021,2022,22ec021@university.edu,22ec021@gmail.com,9300020021,2004-03-22,ECFA1,8,ECE
22EC022,pass1234,Student_22EC022,2022,22ec022@university.edu,22ec022@gmail.com,9300020022,2004-04-23,ECFA2,8,ECE
22EC023,pass1234,Student_22EC023,2022,22ec023@university.edu,22ec023@gmail.com,9300020023,2004-05-24,ECFA3,8,ECE
22EC024,pass1234,Student_22EC024,2022,22ec024@university.edu,22ec024@gmail.com,9300020024,2004-06-25,ECFA4,8,ECE
22EC025,pass1234,Student_22EC025,2022,22ec025@university.edu,22ec025@gmail.com,9300020025,2004-07-26,ECFA1,8,ECE
22EC026,pass1234,Student_22EC026,2022,22ec026@university.edu,22ec026@gmail.com,9300020026,2004-08-27,ECFA2,8,ECE
22EC027,pass1234,Student_22EC027,2022,22ec027@university.edu,22ec027@gmail.com,9300020027,2004-09-28,ECFA3,8,ECE
22EC028,pass1234,Student_22EC028,2022,22ec028@university.edu,22ec028@gmail.com,9300020028,2004-10-01,ECFA4,8,ECE
22EC029,pass1234,Student_22EC029,2022,22ec029@university.edu,22ec029@gmail.com,9300020029,2004-11-02,ECFA1,8,ECE
22EC030,pass1234,Student_22EC030,2022,22ec030@university.edu,22ec030@gmail.com,9300020030,2004-12-03,ECFA2,8,ECE
22EC031,pass1234,Student_22EC031,2022,22ec031@university.edu,22ec031@gmail.com,9300020031,2004-01-04,ECFA3,8,ECE
22EC032,pass1234,Student_22EC032,2022,22ec032@university.edu,22ec032@gmail.com,9300020032,2004-02-05,ECFA4,8,ECE
22EC033,pass1234,Student_22EC033,2022,22ec033@university.edu,22ec033@gmail.com,9300020033,2004-03-06,ECFA1,8,ECE
22EC034,pass1234,Student_22EC034,2022,22ec034@university.edu,22ec034@gmail.com,9300020034,2004-04-07,ECFA2,8,ECE
22EC035,pass1234,Student_22EC035,2022,22ec035@university.edu,22ec035@gmail.com,9300020035,2004-05-08,ECFA3,8,ECE
22EC036,pass1234,Student_22EC036,2022,22ec036@university.edu,22ec036@gmail.com,9300020036,2004-06-09,ECFA4,8,ECE
22EC037,pass1234,Student_22EC037,2022,22ec037@university.edu,22ec037@gmail.com,9300020037,2004-07-10,ECFA1,8,ECE
22EC038,pass1234,Student_22EC038,2022,22ec038@university.edu,22ec038@gmail.com,9300020038,2004-08-11,ECFA2,8,ECE
22EC039,pass1234,Student_22EC039,2022,22ec039@university.edu,22ec039@gmail.com,9300020039,2004-09-12,ECFA3,8,ECE
22EC040,pass1234,Student_22EC040,2022,22ec040@university.edu,22ec040@gmail.com,9300020040,2004-10-13,ECFA4,8,ECE
22EC041,pass1234,Student_22EC041,2022,22ec041@university.edu,22ec041@gmail.com,9300020041,2004-11-14,ECFA1,8,ECE
22EC042,pass1234,Student_22EC042,2022,22ec042@university.edu,22ec042@gmail.com,9300020042,2004-12-15,ECFA2,8,ECE
22EC043,pass1234,Student_22EC043,2022,22ec043@university.edu,22ec043@gmail.com,9300020043,2004-01-16,ECFA3,8,ECE
22EC044,pass1234,Student_22EC044,2022,22ec044@university.edu,22ec044@gmail.com,9300020044,2004-02-17,ECFA4,8,ECE
22EC045,pass1234,Student_22EC045,2022,22ec045@university.edu,22ec045@gmail.com,9300020045,2004-03-18,ECFA1,8,ECE
22EC046,pass1234,Student_22EC046,2022,22ec046@university.edu,22ec046@gmail.com,9300020046,2004-04-19,ECFA2,8,ECE
22EC047,pass1234,Student_22EC047,2022,22ec047@university.edu,22ec047@gmail.com,9300020047,2004-05-20,ECFA3,8,ECE
22EC048,pass1234,Student_22EC048,2022,22ec048@university.edu,22ec048@gmail.com,9300020048,2004-06-21,ECFA4,8,ECE
22EC049,pass1234,Student_22EC049,2022,22ec049@university.edu,22ec049@gmail.com,9300020049,2004-07-22,ECFA1,8,ECE
22EC050,pass1234,Student_22EC050,2022,22ec050@university.edu,22ec050@gmail.com,9300020050,2004-08-23,ECFA2,8,ECE
22EC051,pass1234,Student_22EC051,2022,22ec051@university.edu,22ec051@gmail.com,9300020051,2004-09-24,ECFA3,8,ECE
22EC052,pass1234,Student_22EC052,2022,22ec052@university.edu,22ec052@gmail.com,9300020052,2004-10-25,ECFA4,8,ECE
22EC053,pass1234,Student_22EC053,2022,22ec053@university.edu,22ec053@gmail.com,9300020053,2004-11-26,ECFA1,8,ECE
22EC054,pass1234,Student_22EC054,2022,22ec054@university.edu,22ec054@gmail.com,9300020054,2004-12-27,ECFA2,8,ECE
22EC055,pass1234,Student_22EC055,2022,22ec055@university.edu,22ec055@gmail.com,9300020055,2004-01-28,ECFA3,8,ECE
22EC056,pass1234,Student_22EC056,2022,22ec056@university.edu,22ec056@gmail.com,9300020056,2004-02-01,ECFA4,8,ECE
22EC057,pass1234,Student_22EC057,2022,22ec057@university.edu,22ec057@gmail.com,9300020057,2004-03-02,ECFA1,8,ECE
22EC058,pass1234,Student_22EC058,2022,22ec058@university.edu,22ec058@gmail.com,9300020058,2004-04-03,ECFA2,8,ECE
22EC059,pass1234,Student_22EC059,2022,22ec059@university.edu,22ec059@gmail.com,9300020059,2004-05-04,ECFA3,8,ECE
22EC060,pass1234,Student_22EC060,2022,22ec060@university.edu,22ec060@gmail.com,9300020060,2004-06-05,ECFA4,8,ECE
22EC061,pass1234,Student_22EC061,2022,22ec061@university.edu,22ec061@gmail.com,9300020061,2004-07-06,ECFA1,8,ECE
22EC062,pass1234,Student_22EC062,2022,22ec062@university.edu,22ec062@gmail.com,9300020062,2004-08-07,ECFA2,8,ECE
22EC063,pass1234,Student_22EC063,2022,22ec063@university.edu,22ec063@gmail.com,9300020063,2004-09-08,ECFA3,8,ECE
22EC064,pass1234,Student_22EC064,2022,22ec064@university.edu,22ec064@gmail.com,9300020064,2004-10-09,ECFA4,8,ECE
22EC065,pass1234,Student_22EC065,2022,22ec065@university.edu,22ec065@gmail.com,9300020065,2004-11-10,ECFA1,8,ECE
22EC066,pass1234,Student_22EC066,2022,22ec066@university.edu,22ec066@gmail.com,9300020066,2004-12-11,ECFA2,8,ECE
22EC067,pass1234,Student_22EC067,2022,22ec067@university.edu,22ec067@gmail.com,9300020067,2004-01-12,ECFA3,8,ECE
22EC068,pass1234,Student_22EC068,2022,22ec068@university.edu,22ec068@gmail.com,9300020068,2004-02-13,ECFA4,8,ECE
22EC069,pass1234,Student_22EC069,2022,22ec069@university.edu,22ec069@gmail.com,9300020069,2004-03-14,ECFA1,8,ECE
22EC070,pass1234,Student_22EC070,2022,22ec070@university.edu,22ec070@gmail.com,9300020070,2004-04-15,ECFA2,8,ECE
22EC071,pass1234,Student_22EC071,2022,22ec071@university.edu,22ec071@gmail.com,9300020071,2004-05-16,ECFA3,8,ECE
22EC072,pass1234,Student_22EC072,2022,22ec072@university.edu,22ec072@gmail.com,9300020072,2004-06-17,ECFA4,8,ECE
22EC073,pass1234,Student_22EC073,2022,22ec073@university.edu,22ec073@gmail.com,9300020073,2004-07-18,ECFA1,8,ECE
22EC074,pass1234,Student_22EC074,2022,22ec074@university.edu,22ec074@gmail.com,9300020074,2004-08-19,ECFA2,8,ECE
22EC075,pass1234,Student_22EC075,2022,22ec075@university.edu,22ec075@gmail.com,9300020075,2004-09-20,ECFA3,8,ECE
22EC076,pass1234,Student_22EC076,2022,22ec076@university.edu,22ec076@gmail.com,9300020076,2004-10-21,ECFA4,8,ECE
22EC077,pass1234,Student_22EC077,2022,22ec077@university.edu,22ec077@gmail.com,9300020077,2004-11-22,ECFA1,8,ECE
22EC078,pass1234,Student_22EC078,2022,22ec078@university.edu,22ec078@gmail.com,9300020078,2004-12-23,ECFA2,8,ECE
22EC079,pass1234,Student_22EC079,2022,22ec079@university.edu,22ec079@gmail.com,9300020079,2004-01-24,ECFA3,8,ECE
22EC080,pass1234,Student_22EC080,2022,22ec080@university.edu,22ec080@gmail.com,9300020080,2004-02-25,ECFA4,8,ECE
22ME001,pass1234,Student_22ME001,2022,22me001@university.edu,22me001@gmail.com,9300020001,2004-07-02,MEFA1,8,ME
22ME002,pass1234,Student_22ME002,2022,22me002@university.edu,22me002@gmail.com,9300020002,2004-08-03,MEFA2,8,ME
22ME003,pass1234,Student_22ME003,2022,22me003@university.edu,22me003@gmail.com,9300020003,2004-09-04,MEFA3,8,ME
22ME004,pass1234,Student_22ME004,2022,22me004@university.edu,22me004@gmail.com,9300020004,2004-10-05,MEFA4,8,ME
22ME005,pass1234,Student_22ME005,2022,22me005@university.edu,22me005@gmail.com,9300020005,2004-11-06,MEFA1,8,ME
22ME006,pass1234,Student_22ME006,2022,22me006@university.edu,22me006@gmail.com,9300020006,2004-12-07,MEFA2,8,ME
22ME007,pass1234,Student_22ME007,2022,22me007@university.edu,22me007@gmail.com,9300020007,2004-01-08,MEFA3,8,ME
22ME008,pass1234,Student_22ME008,2022,22me008@university.edu,22me008@gmail.com,9300020008,2004-02-09,MEFA4,8,ME
22ME009,pass1234,Student_22ME009,2022,22me009@university.edu,22me009@gmail.com,9300020009,2004-03-10,MEFA1,8,ME
22ME010,pass1234,Student_22ME010,2022,22me010@university.edu,22me010@gmail.com,9300020010,2004-04-11,MEFA2,8,ME
22ME011,pass1234,Student_22ME011,2022,22me011@university.edu,22me011@gmail.com,9300020011,2004-05-12,MEFA3,8,ME
22ME012,pass1234,Student_22ME012,2022,22me012@university.edu,22me012@gmail.com,9300020012,2004-06-13,MEFA4,8,ME
22ME013,pass1234,Student_22ME013,2022,22me013@university.edu,22me013@gmail.com,9300020013,2004-07-14,MEFA1,8,ME
22ME014,pass1234,Student_22ME014,2022,22me014@university.edu,22me014@gmail.com,9300020014,2004-08-15,MEFA2,8,ME
22ME015,pass1234,Student_22ME015,2022,22me015@university.edu,22me015@gmail.com,9300020015,2004-09-16,MEFA3,8,ME
22ME016,pass1234,Student_22ME016,2022,22me016@university.edu,22me016@gmail.com,9300020016,2004-10-17,MEFA4,8,ME
22ME017,pass1234,Student_22ME017,2022,22me017@university.edu,22me017@gmail.com,9300020017,2004-11-18,MEFA1,8,ME
22ME018,pass1234,Student_22ME018,2022,22me018@university.edu,22me018@gmail.com,9300020018,2004-12-19,MEFA2,8,ME
22ME019,pass1234,Student_22ME019,2022,22me019@university.edu,22me019@gmail.com,9300020019,2004-01-20,MEFA3,8,ME
22ME020,pass1234,Student_22ME020,2022,22me020@university.edu,22me020@gmail.com,9300020020,2004-02-21,MEFA4,8,ME
22ME021,pass1234,Student_22ME021,2022,22me021@university.edu,22me021@gmail.com,9300020021,2004-03-22,MEFA1,8,ME
22ME022,pass1234,Student_22ME022,2022,22me022@university.edu,22me022@gmail.com,9300020022,2004-04-23,MEFA2,8,ME
22ME023,pass1234,Student_22ME023,2022,22me023@university.edu,22me023@gmail.com,9300020023,2004-05-24,MEFA3,8,ME
22ME024,pass1234,Student_22ME024,2022,22me024@university.edu,22me024@gmail.com,9300020024,2004-06-25,MEFA4,8,ME
22ME025,pass1234,Student_22ME025,2022,22me025@university.edu,22me025@gmail.com,9300020025,2004-07-26,MEFA1,8,ME
22ME026,pass1234,Student_22ME026,2022,22me026@university.edu,22me026@gmail.com,9300020026,2004-08-27,MEFA2,8,ME
22ME027,pass1234,Student_22ME027,2022,22me027@university.edu,22me027@gmail.com,9300020027,2004-09-28,MEFA3,8,ME
22ME028,pass1234,Student_22ME028,2022,22me028@university.edu,22me028@gmail.com,9300020028,2004-10-01,MEFA4,8,ME
22ME029,pass1234,Student_22ME029,2022,22me029@university.edu,22me029@gmail.com,9300020029,2004-11-02,MEFA1,8,ME
22ME030,pass1234,Student_22ME030,2022,22me030@university.edu,22me030@gmail.com,9300020030,2004-12-03,MEFA2,8,ME
22ME031,pass1234,Student_22ME031,2022,22me031@university.edu,22me031@gmail.com,9300020031,2004-01-04,MEFA3,8,ME
22ME032,pass1234,Student_22ME032,2022,22me032@university.edu,22me032@gmail.com,9300020032,2004-02-05,MEFA4,8,ME
22ME033,pass1234,Student_22ME033,2022,22me033@university.edu,22me033@gmail.com,9300020033,2004-03-06,MEFA1,8,ME
22ME034,pass1234,Student_22ME034,2022,22me034@university.edu,22me034@gmail.com,9300020034,2004-04-07,MEFA2,8,ME
22ME035,pass1234,Student_22ME035,2022,22me035@university.edu,22me035@gmail.com,9300020035,2004-05-08,MEFA3,8,ME
22ME036,pass1234,Student_22ME036,2022,22me036@university.edu,22me036@gmail.com,9300020036,2004-06-09,MEFA4,8,ME
22ME037,pass1234,Student_22ME037,2022,22me037@university.edu,22me037@gmail.com,9300020037,2004-07-10,MEFA1,8,ME
22ME038,pass1234,Student_22ME038,2022,22me038@university.edu,22me038@gmail.com,9300020038,2004-08-11,MEFA2,8,ME
22ME039,pass1234,Student_22ME039,2022,22me039@university.edu,22me039@gmail.com,9300020039,2004-09-12,MEFA3,8,ME
22ME040,pass1234,Student_22ME040,2022,22me040@university.edu,22me040@gmail.com,9300020040,2004-10-13,MEFA4,8,ME
22ME041,pass1234,Student_22ME041,2022,22me041@university.edu,22me041@gmail.com,9300020041,2004-11-14,MEFA1,8,ME
22ME042,pass1234,Student_22ME042,2022,22me042@university.edu,22me042@gmail.com,9300020042,2004-12-15,MEFA2,8,ME
22ME043,pass1234,Student_22ME043,2022,22me043@university.edu,22me043@gmail.com,9300020043,2004-01-16,MEFA3,8,ME
22ME044,pass1234,Student_22ME044,2022,22me044@university.edu,22me044@gmail.com,9300020044,2004-02-17,MEFA4,8,ME
22ME045,pass1234,Student_22ME045,2022,22me045@university.edu,22me045@gmail.com,9300020045,2004-03-18,MEFA1,8,ME
22ME046,pass1234,Student_22ME046,2022,22me046@university.edu,22me046@gmail.com,9300020046,2004-04-19,MEFA2,8,ME
22ME047,pass1234,Student_22ME047,2022,22me047@university.edu,22me047@gmail.com,9300020047,2004-05-20,MEFA3,8,ME
22ME048,pass1234,Student_22ME048,2022,22me048@university.edu,22me048@gmail.com,9300020048,2004-06-21,MEFA4,8,ME
22ME049,pass1234,Student_22ME049,2022,22me049@university.edu,22me049@gmail.com,9300020049,2004-07-22,MEFA1,8,ME
22ME050,pass1234,Student_22ME050,2022,22me050@university.edu,22me050@gmail.com,9300020050,2004-08-23,MEFA2,8,ME
22ME051,pass1234,Student_22ME051,2022,22me051@university.edu,22me051@gmail.com,9300020051,2004-09-24,MEFA3,8,ME
22ME052,pass1234,Student_22ME052,2022,22me052@university.edu,22me052@gmail.com,9300020052,2004-10-25,MEFA4,8,ME
22ME053,pass1234,Student_22ME053,2022,22me053@university.edu,22me053@gmail.com,9300020053,2004-11-26,MEFA1,8,ME
22ME054,pass1234,Student_22ME054,2022,22me054@university.edu,22me054@gmail.com,9300020054,2004-12-27,MEFA2,8,ME
22ME055,pass1234,Student_22ME055,2022,22me055@university.edu,22me055@gmail.com,9300020055,2004-01-28,MEFA3,8,ME
22ME056,pass1234,Student_22ME056,2022,22me056@university.edu,22me056@gmail.com,9300020056,2004-02-01,MEFA4,8,ME
22ME057,pass1234,Student_22ME057,2022,22me057@university.edu,22me057@gmail.com,9300020057,2004-03-02,MEFA1,8,ME
22ME058,pass1234,Student_22ME058,2022,22me058@university.edu,22me058@gmail.com,9300020058,2004-04-03,MEFA2,8,ME
22ME059,pass1234,Student_22ME059,2022,22me059@university.edu,22me059@gmail.com,9300020059,2004-05-04,MEFA3,8,ME
22ME060,pass1234,Student_22ME060,2022,22me060@university.edu,22me060@gmail.com,9300020060,2004-06-05,MEFA4,8,ME
22ME061,pass1234,Student_22ME061,2022,22me061@university.edu,22me061@gmail.com,9300020061,2004-07-06,MEFA1,8,ME
22ME062,pass1234,Student_22ME062,2022,22me062@university.edu,22me062@gmail.com,9300020062,2004-08-07,MEFA2,8,ME
22ME063,pass1234,Student_22ME063,2022,22me063@university.edu,22me063@gmail.com,9300020063,2004-09-08,MEFA3,8,ME
22ME064,pass1234,Student_22ME064,2022,22me064@university.edu,22me064@gmail.com,9300020064,2004-10-09,MEFA4,8,ME
22ME065,pass1234,Student_22ME065,2022,22me065@university.edu,22me065@gmail.com,9300020065,2004-11-10,MEFA1,8,ME
22ME066,pass1234,Student_22ME066,2022,22me066@university.edu,22me066@gmail.com,9300020066,2004-12-11,MEFA2,8,ME
22ME067,pass1234,Student_22ME067,2022,22me067@university.edu,22me067@gmail.com,9300020067,2004-01-12,MEFA3,8,ME
22ME068,pass1234,Student_22ME068,2022,22me068@university.edu,22me068@gmail.com,9300020068,2004-02-13,MEFA4,8,ME
22ME069,pass1234,Student_22ME069,2022,22me069@university.edu,22me069@gmail.com,9300020069,2004-03-14,MEFA1,8,ME
22ME070,pass1234,Student_22ME070,2022,22me070@university.edu,22me070@gmail.com,9300020070,2004-04-15,MEFA2,8,ME
22ME071,pass1234,Student_22ME071,2022,22me071@university.edu,22me071@gmail.com,9300020071,2004-05-16,MEFA3,8,ME
22ME072,pass1234,Student_22ME072,2022,22me072@university.edu,22me072@gmail.com,9300020072,2004-06-17,MEFA4,8,ME
22ME073,pass1234,Student_22ME073,2022,22me073@university.edu,22me073@gmail.com,9300020073,2004-07-18,MEFA1,8,ME
22ME074,pass1234,Student_22ME074,2022,22me074@university.edu,22me074@gmail.com,9300020074,2004-08-19,MEFA2,8,ME
22ME075,pass1234,Student_22ME075,2022,22me075@university.edu,22me075@gmail.com,9300020075,2004-09-20,MEFA3,8,ME
22ME076,pass1234,Student_22ME076,2022,22me076@university.edu,22me076@gmail.com,9300020076,2004-10-21,MEFA4,8,ME
22ME077,pass1234,Student_22ME077,2022,22me077@university.edu,22me077@gmail.com,9300020077,2004-11-22,MEFA1,8,ME
22ME078,pass1234,Student_22ME078,2022,22me078@university.edu,22me078@gmail.com,9300020078,2004-12-23,MEFA2,8,ME
22ME079,pass1234,Student_22ME079,2022,22me079@university.edu,22me079@gmail.com,9300020079,2004-01-24,MEFA3,8,ME
22ME080,pass1234,Student_22ME080,2022,22me080@university.edu,22me080@gmail.com,9300020080,2004-02-25,MEFA4,8,ME
22CE001,pass1234,Student_22CE001,2022,22ce001@university.edu,22ce001@gmail.com,9300020001,2004-07-02,CEFA1,8,CE
22CE002,pass1234,Student_22CE002,2022,22ce002@university.edu,22ce002@gmail.com,9300020002,2004-08-03,CEFA2,8,CE
22CE003,pass1234,Student_22CE003,2022,22ce003@university.edu,22ce003@gmail.com,9300020003,2004-09-04,CEFA3,8,CE
22CE004,pass1234,Student_22CE004,2022,22ce004@university.edu,22ce004@gmail.com,9300020004,2004-10-05,CEFA4,8,CE
22CE005,pass1234,Student_22CE005,2022,22ce005@university.edu,22ce005@gmail.com,9300020005,2004-11-06,CEFA1,8,CE
22CE006,pass1234,Student_22CE006,2022,22ce006@university.edu,22ce006@gmail.com,9300020006,2004-12-07,CEFA2,8,CE
22CE007,pass1234,Student_22CE007,2022,22ce007@university.edu,22ce007@gmail.com,9300020007,2004-01-08,CEFA3,8,CE
22CE008,pass1234,Student_22CE008,2022,22ce008@university.edu,22ce008@gmail.com,9300020008,2004-02-09,CEFA4,8,CE
22CE009,pass1234,Student_22CE009,2022,22ce009@university.edu,22ce009@gmail.com,9300020009,2004-03-10,CEFA1,8,CE
22CE010,pass1234,Student_22CE010,2022,22ce010@university.edu,22ce010@gmail.com,9300020010,2004-04-11,CEFA2,8,CE
22CE011,pass1234,Student_22CE011,2022,22ce011@university.edu,22ce011@gmail.com,9300020011,2004-05-12,CEFA3,8,CE
22CE012,pass1234,Student_22CE012,2022,22ce012@university.edu,22ce012@gmail.com,9300020012,2004-06-13,CEFA4,8,CE
22CE013,pass1234,Student_22CE013,2022,22ce013@university.edu,22ce013@gmail.com,9300020013,2004-07-14,CEFA1,8,CE
22CE014,pass1234,Student_22CE014,2022,22ce014@university.edu,22ce014@gmail.com,9300020014,2004-08-15,CEFA2,8,CE
22CE015,pass1234,Student_22CE015,2022,22ce015@university.edu,22ce015@gmail.com,9300020015,2004-09-16,CEFA3,8,CE
22CE016,pass1234,Student_22CE016,2022,22ce016@university.edu,22ce016@gmail.com,9300020016,2004-10-17,CEFA4,8,CE
22CE017,pass1234,Student_22CE017,2022,22ce017@university.edu,22ce017@gmail.com,9300020017,2004-11-18,CEFA1,8,CE
22CE018,pass1234,Student_22CE018,2022,22ce018@university.edu,22ce018@gmail.com,9300020018,2004-12-19,CEFA2,8,CE
22CE019,pass1234,Student_22CE019,2022,22ce019@university.edu,22ce019@gmail.com,9300020019,2004-01-20,CEFA3,8,CE
22CE020,pass1234,Student_22CE020,2022,22ce020@university.edu,22ce020@gmail.com,9300020020,2004-02-21,CEFA4,8,CE
22CE021,pass1234,Student_22CE021,2022,22ce021@university.edu,22ce021@gmail.com,9300020021,2004-03-22,CEFA1,8,CE
22CE022,pass1234,Student_22CE022,2022,22ce022@university.edu,22ce022@gmail.com,9300020022,2004-04-23,CEFA2,8,CE
22CE023,pass1234,Student_22CE023,2022,22ce023@university.edu,22ce023@gmail.com,9300020023,2004-05-24,CEFA3,8,CE
22CE024,pass1234,Student_22CE024,2022,22ce024@university.edu,22ce024@gmail.com,9300020024,2004-06-25,CEFA4,8,CE
22CE025,pass1234,Student_22CE025,2022,22ce025@university.edu,22ce025@gmail.com,9300020025,2004-07-26,CEFA1,8,CE
22CE026,pass1234,Student_22CE026,2022,22ce026@university.edu,22ce026@gmail.com,9300020026,2004-08-27,CEFA2,8,CE
22CE027,pass1234,Student_22CE027,2022,22ce027@university.edu,22ce027@gmail.com,9300020027,2004-09-28,CEFA3,8,CE
22CE028,pass1234,Student_22CE028,2022,22ce028@university.edu,22ce028@gmail.com,9300020028,2004-10-01,CEFA4,8,CE
22CE029,pass1234,Student_22CE029,2022,22ce029@university.edu,22ce029@gmail.com,9300020029,2004-11-02,CEFA1,8,CE
22CE030,pass1234,Student_22CE030,2022,22ce030@university.edu,22ce030@gmail.com,9300020030,2004-12-03,CEFA2,8,CE
22CE031,pass1234,Student_22CE031,2022,22ce031@university.edu,22ce031@gmail.com,9300020031,2004-01-04,CEFA3,8,CE
22CE032,pass1234,Student_22CE032,2022,22ce032@university.edu,22ce032@gmail.com,9300020032,2004-02-05,CEFA4,8,CE
22CE033,pass1234,Student_22CE033,2022,22ce033@university.edu,22ce033@gmail.com,9300020033,2004-03-06,CEFA1,8,CE
22CE034,pass1234,Student_22CE034,2022,22ce034@university.edu,22ce034@gmail.com,9300020034,2004-04-07,CEFA2,8,CE
22CE035,pass1234,Student_22CE035,2022,22ce035@university.edu,22ce035@gmail.com,9300020035,2004-05-08,CEFA3,8,CE
22CE036,pass1234,Student_22CE036,2022,22ce036@university.edu,22ce036@gmail.com,9300020036,2004-06-09,CEFA4,8,CE
22CE037,pass1234,Student_22CE037,2022,22ce037@university.edu,22ce037@gmail.com,9300020037,2004-07-10,CEFA1,8,CE
22CE038,pass1234,Student_22CE038,2022,22ce038@university.edu,22ce038@gmail.com,9300020038,2004-08-11,CEFA2,8,CE
22CE039,pass1234,Student_22CE039,2022,22ce039@university.edu,22ce039@gmail.com,9300020039,2004-09-12,CEFA3,8,CE
22CE040,pass1234,Student_22CE040,2022,22ce040@university.edu,22ce040@gmail.com,9300020040,2004-10-13,CEFA4,8,CE
22CE041,pass1234,Student_22CE041,2022,22ce041@university.edu,22ce041@gmail.com,9300020041,2004-11-14,CEFA1,8,CE
22CE042,pass1234,Student_22CE042,2022,22ce042@university.edu,22ce042@gmail.com,9300020042,2004-12-15,CEFA2,8,CE
22CE043,pass1234,Student_22CE043,2022,22ce043@university.edu,22ce043@gmail.com,9300020043,2004-01-16,CEFA3,8,CE
22CE044,pass1234,Student_22CE044,2022,22ce044@university.edu,22ce044@gmail.com,9300020044,2004-02-17,CEFA4,8,CE
22CE045,pass1234,Student_22CE045,2022,22ce045@university.edu,22ce045@gmail.com,9300020045,2004-03-18,CEFA1,8,CE
22CE046,pass1234,Student_22CE046,2022,22ce046@university.edu,22ce046@gmail.com,9300020046,2004-04-19,CEFA2,8,CE
22CE047,pass1234,Student_22CE047,2022,22ce047@university.edu,22ce047@gmail.com,9300020047,2004-05-20,CEFA3,8,CE
22CE048,pass1234,Student_22CE048,2022,22ce048@university.edu,22ce048@gmail.com,9300020048,2004-06-21,CEFA4,8,CE
22CE049,pass1234,Student_22CE049,2022,22ce049@university.edu,22ce049@gmail.com,9300020049,2004-07-22,CEFA1,8,CE
22CE050,pass1234,Student_22CE050,2022,22ce050@university.edu,22ce050@gmail.com,9300020050,2004-08-23,CEFA2,8,CE
22CE051,pass1234,Student_22CE051,2022,22ce051@university.edu,22ce051@gmail.com,9300020051,2004-09-24,CEFA3,8,CE
22CE052,pass1234,Student_22CE052,2022,22ce052@university.edu,22ce052@gmail.com,9300020052,2004-10-25,CEFA4,8,CE
22CE053,pass1234,Student_22CE053,2022,22ce053@university.edu,22ce053@gmail.com,9300020053,2004-11-26,CEFA1,8,CE
22CE054,pass1234,Student_22CE054,2022,22ce054@university.edu,22ce054@gmail.com,9300020054,2004-12-27,CEFA2,8,CE
22CE055,pass1234,Student_22CE055,2022,22ce055@university.edu,22ce055@gmail.com,9300020055,2004-01-28,CEFA3,8,CE
22CE056,pass1234,Student_22CE056,2022,22ce056@university.edu,22ce056@gmail.com,9300020056,2004-02-01,CEFA4,8,CE
22CE057,pass1234,Student_22CE057,2022,22ce057@university.edu,22ce057@gmail.com,9300020057,2004-03-02,CEFA1,8,CE
22CE058,pass1234,Student_22CE058,2022,22ce058@university.edu,22ce058@gmail.com,9300020058,2004-04-03,CEFA2,8,CE
22CE059,pass1234,Student_22CE059,2022,22ce059@university.edu,22ce059@gmail.com,9300020059,2004-05-04,CEFA3,8,CE
22CE060,pass1234,Student_22CE060,2022,22ce060@university.edu,22ce060@gmail.com,9300020060,2004-06-05,CEFA4,8,CE
22CE061,pass1234,Student_22CE061,2022,22ce061@university.edu,22ce061@gmail.com,9300020061,2004-07-06,CEFA1,8,CE
22CE062,pass1234,Student_22CE062,2022,22ce062@university.edu,22ce062@gmail.com,9300020062,2004-08-07,CEFA2,8,CE
22CE063,pass1234,Student_22CE063,2022,22ce063@university.edu,22ce063@gmail.com,9300020063,2004-09-08,CEFA3,8,CE
22CE064,pass1234,Student_22CE064,2022,22ce064@university.edu,22ce064@gmail.com,9300020064,2004-10-09,CEFA4,8,CE
22CE065,pass1234,Student_22CE065,2022,22ce065@university.edu,22ce065@gmail.com,9300020065,2004-11-10,CEFA1,8,CE
22CE066,pass1234,Student_22CE066,2022,22ce066@university.edu,22ce066@gmail.com,9300020066,2004-12-11,CEFA2,8,CE
22CE067,pass1234,Student_22CE067,2022,22ce067@university.edu,22ce067@gmail.com,9300020067,2004-01-12,CEFA3,8,CE
22CE068,pass1234,Student_22CE068,2022,22ce068@university.edu,22ce068@gmail.com,9300020068,2004-02-13,CEFA4,8,CE
22CE069,pass1234,Student_22CE069,2022,22ce069@university.edu,22ce069@gmail.com,9300020069,2004-03-14,CEFA1,8,CE
22CE070,pass1234,Student_22CE070,2022,22ce070@university.edu,22ce070@gmail.com,9300020070,2004-04-15,CEFA2,8,CE
22CE071,pass1234,Student_22CE071,2022,22ce071@university.edu,22ce071@gmail.com,9300020071,2004-05-16,CEFA3,8,CE
22CE072,pass1234,Student_22CE072,2022,22ce072@university.edu,22ce072@gmail.com,9300020072,2004-06-17,CEFA4,8,CE
22CE073,pass1234,Student_22CE073,2022,22ce073@university.edu,22ce073@gmail.com,9300020073,2004-07-18,CEFA1,8,CE
22CE074,pass1234,Student_22CE074,2022,22ce074@university.edu,22ce074@gmail.com,9300020074,2004-08-19,CEFA2,8,CE
22CE075,pass1234,Student_22CE075,2022,22ce075@university.edu,22ce075@gmail.com,9300020075,2004-09-20,CEFA3,8,CE
22CE076,pass1234,Student_22CE076,2022,22ce076@university.edu,22ce076@gmail.com,9300020076,2004-10-21,CEFA4,8,CE
22CE077,pass1234,Student_22CE077,2022,22ce077@university.edu,22ce077@gmail.com,9300020077,2004-11-22,CEFA1,8,CE
22CE078,pass1234,Student_22CE078,2022,22ce078@university.edu,22ce078@gmail.com,9300020078,2004-12-23,CEFA2,8,CE
22CE079,pass1234,Student_22CE079,2022,22ce079@university.edu,22ce079@gmail.com,9300020079,2004-01-24,CEFA3,8,CE
22CE080,pass1234,Student_22CE080,2022,22ce080@university.edu,22ce080@gmail.com,9300020080,2004-02-25,CEFA4,8,CE
23CS001,pass1234,Student_23CS001,2023,23cs001@university.edu,23cs001@gmail.com,9300030001,2005-07-02,CSFA1,6,CSE
23CS002,pass1234,Student_23CS002,2023,23cs002@university.edu,23cs002@gmail.com,9300030002,2005-08-03,CSFA2,6,CSE
23CS003,pass1234,Student_23CS003,2023,23cs003@university.edu,23cs003@gmail.com,9300030003,2005-09-04,CSFA3,6,CSE
23CS004,pass1234,Student_23CS004,2023,23cs004@university.edu,23cs004@gmail.com,9300030004,2005-10-05,CSFA4,6,CSE
23CS005,pass1234,Student_23CS005,2023,23cs005@university.edu,23cs005@gmail.com,9300030005,2005-11-06,CSFA1,6,CSE
23CS006,pass1234,Student_23CS006,2023,23cs006@university.edu,23cs006@gmail.com,9300030006,2005-12-07,CSFA2,6,CSE
23CS007,pass1234,Student_23CS007,2023,23cs007@university.edu,23cs007@gmail.com,9300030007,2005-01-08,CSFA3,6,CSE
23CS008,pass1234,Student_23CS008,2023,23cs008@university.edu,23cs008@gmail.com,9300030008,2005-02-09,CSFA4,6,CSE
23CS009,pass1234,Student_23CS009,2023,23cs009@university.edu,23cs009@gmail.com,9300030009,2005-03-10,CSFA1,6,CSE
23CS010,pass1234,Student_23CS010,2023,23cs010@university.edu,23cs010@gmail.com,9300030010,2005-04-11,CSFA2,6,CSE
23CS011,pass1234,Student_23CS011,2023,23cs011@university.edu,23cs011@gmail.com,9300030011,2005-05-12,CSFA3,6,CSE
23CS012,pass1234,Student_23CS012,2023,23cs012@university.edu,23cs012@gmail.com,9300030012,2005-06-13,CSFA4,6,CSE
23CS013,pass1234,Student_23CS013,2023,23cs013@university.edu,23cs013@gmail.com,9300030013,2005-07-14,CSFA1,6,CSE
23CS014,pass1234,Student_23CS014,2023,23cs014@university.edu,23cs014@gmail.com,9300030014,2005-08-15,CSFA2,6,CSE
23CS015,pass1234,Student_23CS015,2023,23cs015@university.edu,23cs015@gmail.com,9300030015,2005-09-16,CSFA3,6,CSE
23CS016,pass1234,Student_23CS016,2023,23cs016@university.edu,23cs016@gmail.com,9300030016,2005-10-17,CSFA4,6,CSE
23CS017,pass1234,Student_23CS017,2023,23cs017@university.edu,23cs017@gmail.com,9300030017,2005-11-18,CSFA1,6,CSE
23CS018,pass1234,Student_23CS018,2023,23cs018@university.edu,23cs018@gmail.com,9300030018,2005-12-19,CSFA2,6,CSE
23CS019,pass1234,Student_23CS019,2023,23cs019@university.edu,23cs019@gmail.com,9300030019,2005-01-20,CSFA3,6,CSE
23CS020,pass1234,Student_23CS020,2023,23cs020@university.edu,23cs020@gmail.com,9300030020,2005-02-21,CSFA4,6,CSE
23CS021,pass1234,Student_23CS021,2023,23cs021@university.edu,23cs021@gmail.com,9300030021,2005-03-22,CSFA1,6,CSE
23CS022,pass1234,Student_23CS022,2023,23cs022@university.edu,23cs022@gmail.com,9300030022,2005-04-23,CSFA2,6,CSE
23CS023,pass1234,Student_23CS023,2023,23cs023@university.edu,23cs023@gmail.com,9300030023,2005-05-24,CSFA3,6,CSE
23CS024,pass1234,Student_23CS024,2023,23cs024@university.edu,23cs024@gmail.com,9300030024,2005-06-25,CSFA4,6,CSE
23CS025,pass1234,Student_23CS025,2023,23cs025@university.edu,23cs025@gmail.com,9300030025,2005-07-26,CSFA1,6,CSE
23CS026,pass1234,Student_23CS026,2023,23cs026@university.edu,23cs026@gmail.com,9300030026,2005-08-27,CSFA2,6,CSE
23CS027,pass1234,Student_23CS027,2023,23cs027@university.edu,23cs027@gmail.com,9300030027,2005-09-28,CSFA3,6,CSE
23CS028,pass1234,Student_23CS028,2023,23cs028@university.edu,23cs028@gmail.com,9300030028,2005-10-01,CSFA4,6,CSE
23CS029,pass1234,Student_23CS029,2023,23cs029@university.edu,23cs029@gmail.com,9300030029,2005-11-02,CSFA1,6,CSE
23CS030,pass1234,Student_23CS030,2023,23cs030@university.edu,23cs030@gmail.com,9300030030,2005-12-03,CSFA2,6,CSE
23CS031,pass1234,Student_23CS031,2023,23cs031@university.edu,23cs031@gmail.com,9300030031,2005-01-04,CSFA3,6,CSE
23CS032,pass1234,Student_23CS032,2023,23cs032@university.edu,23cs032@gmail.com,9300030032,2005-02-05,CSFA4,6,CSE
23CS033,pass1234,Student_23CS033,2023,23cs033@university.edu,23cs033@gmail.com,9300030033,2005-03-06,CSFA1,6,CSE
23CS034,pass1234,Student_23CS034,2023,23cs034@university.edu,23cs034@gmail.com,9300030034,2005-04-07,CSFA2,6,CSE
23CS035,pass1234,Student_23CS035,2023,23cs035@university.edu,23cs035@gmail.com,9300030035,2005-05-08,CSFA3,6,CSE
23CS036,pass1234,Student_23CS036,2023,23cs036@university.edu,23cs036@gmail.com,9300030036,2005-06-09,CSFA4,6,CSE
23CS037,pass1234,Student_23CS037,2023,23cs037@university.edu,23cs037@gmail.com,9300030037,2005-07-10,CSFA1,6,CSE
23CS038,pass1234,Student_23CS038,2023,23cs038@university.edu,23cs038@gmail.com,9300030038,2005-08-11,CSFA2,6,CSE
23CS039,pass1234,Student_23CS039,2023,23cs039@university.edu,23cs039@gmail.com,9300030039,2005-09-12,CSFA3,6,CSE
23CS040,pass1234,Student_23CS040,2023,23cs040@university.edu,23cs040@gmail.com,9300030040,2005-10-13,CSFA4,6,CSE
23CS041,pass1234,Student_23CS041,2023,23cs041@university.edu,23cs041@gmail.com,9300030041,2005-11-14,CSFA1,6,CSE
23CS042,pass1234,Student_23CS042,2023,23cs042@university.edu,23cs042@gmail.com,9300030042,2005-12-15,CSFA2,6,CSE
23CS043,pass1234,Student_23CS043,2023,23cs043@university.edu,23cs043@gmail.com,9300030043,2005-01-16,CSFA3,6,CSE
23CS044,pass1234,Student_23CS044,2023,23cs044@university.edu,23cs044@gmail.com,9300030044,2005-02-17,CSFA4,6,CSE
23CS045,pass1234,Student_23CS045,2023,23cs045@university.edu,23cs045@gmail.com,9300030045,2005-03-18,CSFA1,6,CSE
23CS046,pass1234,Student_23CS046,2023,23cs046@university.edu,23cs046@gmail.com,9300030046,2005-04-19,CSFA2,6,CSE
23CS047,pass1234,Student_23CS047,2023,23cs047@university.edu,23cs047@gmail.com,9300030047,2005-05-20,CSFA3,6,CSE
23CS048,pass1234,Student_23CS048,2023,23cs048@university.edu,23cs048@gmail.com,9300030048,2005-06-21,CSFA4,6,CSE
23CS049,pass1234,Student_23CS049,2023,23cs049@university.edu,23cs049@gmail.com,9300030049,2005-07-22,CSFA1,6,CSE
23CS050,pass1234,Student_23CS050,2023,23cs050@university.edu,23cs050@gmail.com,9300030050,2005-08-23,CSFA2,6,CSE
23CS051,pass1234,Student_23CS051,2023,23cs051@university.edu,23cs051@gmail.com,9300030051,2005-09-24,CSFA3,6,CSE
23CS052,pass1234,Student_23CS052,2023,23cs052@university.edu,23cs052@gmail.com,9300030052,2005-10-25,CSFA4,6,CSE
23CS053,pass1234,Student_23CS053,2023,23cs053@university.edu,23cs053@gmail.com,9300030053,2005-11-26,CSFA1,6,CSE
23CS054,pass1234,Student_23CS054,2023,23cs054@university.edu,23cs054@gmail.com,9300030054,2005-12-27,CSFA2,6,CSE
23CS055,pass1234,Student_23CS055,2023,23cs055@university.edu,23cs055@gmail.com,9300030055,2005-01-28,CSFA3,6,CSE
23CS056,pass1234,Student_23CS056,2023,23cs056@university.edu,23cs056@gmail.com,9300030056,2005-02-01,CSFA4,6,CSE
23CS057,pass1234,Student_23CS057,2023,23cs057@university.edu,23cs057@gmail.com,9300030057,2005-03-02,CSFA1,6,CSE
23CS058,pass1234,Student_23CS058,2023,23cs058@university.edu,23cs058@gmail.com,9300030058,2005-04-03,CSFA2,6,CSE
23CS059,pass1234,Student_23CS059,2023,23cs059@university.edu,23cs059@gmail.com,9300030059,2005-05-04,CSFA3,6,CSE
23CS060,pass1234,Student_23CS060,2023,23cs060@university.edu,23cs060@gmail.com,9300030060,2005-06-05,CSFA4,6,CSE
23CS061,pass1234,Student_23CS061,2023,23cs061@university.edu,23cs061@gmail.com,9300030061,2005-07-06,CSFA1,6,CSE
23CS062,pass1234,Student_23CS062,2023,23cs062@university.edu,23cs062@gmail.com,9300030062,2005-08-07,CSFA2,6,CSE
23CS063,pass1234,Student_23CS063,2023,23cs063@university.edu,23cs063@gmail.com,9300030063,2005-09-08,CSFA3,6,CSE
23CS064,pass1234,Student_23CS064,2023,23cs064@university.edu,23cs064@gmail.com,9300030064,2005-10-09,CSFA4,6,CSE
23CS065,pass1234,Student_23CS065,2023,23cs065@university.edu,23cs065@gmail.com,9300030065,2005-11-10,CSFA1,6,CSE
23CS066,pass1234,Student_23CS066,2023,23cs066@university.edu,23cs066@gmail.com,9300030066,2005-12-11,CSFA2,6,CSE
23CS067,pass1234,Student_23CS067,2023,23cs067@university.edu,23cs067@gmail.com,9300030067,2005-01-12,CSFA3,6,CSE
23CS068,pass1234,Student_23CS068,2023,23cs068@university.edu,23cs068@gmail.com,9300030068,2005-02-13,CSFA4,6,CSE
23CS069,pass1234,Student_23CS069,2023,23cs069@university.edu,23cs069@gmail.com,9300030069,2005-03-14,CSFA1,6,CSE
23CS070,pass1234,Student_23CS070,2023,23cs070@university.edu,23cs070@gmail.com,9300030070,2005-04-15,CSFA2,6,CSE
23CS071,pass1234,Student_23CS071,2023,23cs071@university.edu,23cs071@gmail.com,9300030071,2005-05-16,CSFA3,6,CSE
23CS072,pass1234,Student_23CS072,2023,23cs072@university.edu,23cs072@gmail.com,9300030072,2005-06-17,CSFA4,6,CSE
23CS073,pass1234,Student_23CS073,2023,23cs073@university.edu,23cs073@gmail.com,9300030073,2005-07-18,CSFA1,6,CSE
23CS074,pass1234,Student_23CS074,2023,23cs074@university.edu,23cs074@gmail.com,9300030074,2005-08-19,CSFA2,6,CSE
23CS075,pass1234,Student_23CS075,2023,23cs075@university.edu,23cs075@gmail.com,9300030075,2005-09-20,CSFA3,6,CSE
23CS076,pass1234,Student_23CS076,2023,23cs076@university.edu,23cs076@gmail.com,9300030076,2005-10-21,CSFA4,6,CSE
23CS077,pass1234,Student_23CS077,2023,23cs077@university.edu,23cs077@gmail.com,9300030077,2005-11-22,CSFA1,6,CSE
23CS078,pass1234,Student_23CS078,2023,23cs078@university.edu,23cs078@gmail.com,9300030078,2005-12-23,CSFA2,6,CSE
23CS079,pass1234,Student_23CS079,2023,23cs079@university.edu,23cs079@gmail.com,9300030079,2005-01-24,CSFA3,6,CSE
23CS080,pass1234,Student_23CS080,2023,23cs080@university.edu,23cs080@gmail.com,9300030080,2005-02-25,CSFA4,6,CSE
23IT001,pass1234,Student_23IT001,2023,23it001@university.edu,23it001@gmail.com,9300030001,2005-07-02,ITFA1,6,IT
23IT002,pass1234,Student_23IT002,2023,23it002@university.edu,23it002@gmail.com,9300030002,2005-08-03,ITFA2,6,IT
23IT003,pass1234,Student_23IT003,2023,23it003@university.edu,23it003@gmail.com,9300030003,2005-09-04,ITFA3,6,IT
23IT004,pass1234,Student_23IT004,2023,23it004@university.edu,23it004@gmail.com,9300030004,2005-10-05,ITFA4,6,IT
23IT005,pass1234,Student_23IT005,2023,23it005@university.edu,23it005@gmail.com,9300030005,2005-11-06,ITFA1,6,IT
23IT006,pass1234,Student_23IT006,2023,23it006@university.edu,23it006@gmail.com,9300030006,2005-12-07,ITFA2,6,IT
23IT007,pass1234,Student_23IT007,2023,23it007@university.edu,23it007@gmail.com,9300030007,2005-01-08,ITFA3,6,IT
23IT008,pass1234,Student_23IT008,2023,23it008@university.edu,23it008@gmail.com,9300030008,2005-02-09,ITFA4,6,IT
23IT009,pass1234,Student_23IT009,2023,23it009@university.edu,23it009@gmail.com,9300030009,2005-03-10,ITFA1,6,IT
23IT010,pass1234,Student_23IT010,2023,23it010@university.edu,23it010@gmail.com,9300030010,2005-04-11,ITFA2,6,IT
23IT011,pass1234,Student_23IT011,2023,23it011@university.edu,23it011@gmail.com,9300030011,2005-05-12,ITFA3,6,IT
23IT012,pass1234,Student_23IT012,2023,23it012@university.edu,23it012@gmail.com,9300030012,2005-06-13,ITFA4,6,IT
23IT013,pass1234,Student_23IT013,2023,23it013@university.edu,23it013@gmail.com,9300030013,2005-07-14,ITFA1,6,IT
23IT014,pass1234,Student_23IT014,2023,23it014@university.edu,23it014@gmail.com,9300030014,2005-08-15,ITFA2,6,IT
23IT015,pass1234,Student_23IT015,2023,23it015@university.edu,23it015@gmail.com,9300030015,2005-09-16,ITFA3,6,IT
23IT016,pass1234,Student_23IT016,2023,23it016@university.edu,23it016@gmail.com,9300030016,2005-10-17,ITFA4,6,IT
23IT017,pass1234,Student_23IT017,2023,23it017@university.edu,23it017@gmail.com,9300030017,2005-11-18,ITFA1,6,IT
23IT018,pass1234,Student_23IT018,2023,23it018@university.edu,23it018@gmail.com,9300030018,2005-12-19,ITFA2,6,IT
23IT019,pass1234,Student_23IT019,2023,23it019@university.edu,23it019@gmail.com,9300030019,2005-01-20,ITFA3,6,IT
23IT020,pass1234,Student_23IT020,2023,23it020@university.edu,23it020@gmail.com,9300030020,2005-02-21,ITFA4,6,IT
23IT021,pass1234,Student_23IT021,2023,23it021@university.edu,23it021@gmail.com,9300030021,2005-03-22,ITFA1,6,IT
23IT022,pass1234,Student_23IT022,2023,23it022@university.edu,23it022@gmail.com,9300030022,2005-04-23,ITFA2,6,IT
23IT023,pass1234,Student_23IT023,2023,23it023@university.edu,23it023@gmail.com,9300030023,2005-05-24,ITFA3,6,IT
23IT024,pass1234,Student_23IT024,2023,23it024@university.edu,23it024@gmail.com,9300030024,2005-06-25,ITFA4,6,IT
23IT025,pass1234,Student_23IT025,2023,23it025@university.edu,23it025@gmail.com,9300030025,2005-07-26,ITFA1,6,IT
23IT026,pass1234,Student_23IT026,2023,23it026@university.edu,23it026@gmail.com,9300030026,2005-08-27,ITFA2,6,IT
23IT027,pass1234,Student_23IT027,2023,23it027@university.edu,23it027@gmail.com,9300030027,2005-09-28,ITFA3,6,IT
23IT028,pass1234,Student_23IT028,2023,23it028@university.edu,23it028@gmail.com,9300030028,2005-10-01,ITFA4,6,IT
23IT029,pass1234,Student_23IT029,2023,23it029@university.edu,23it029@gmail.com,9300030029,2005-11-02,ITFA1,6,IT
23IT030,pass1234,Student_23IT030,2023,23it030@university.edu,23it030@gmail.com,9300030030,2005-12-03,ITFA2,6,IT
23IT031,pass1234,Student_23IT031,2023,23it031@university.edu,23it031@gmail.com,9300030031,2005-01-04,ITFA3,6,IT
23IT032,pass1234,Student_23IT032,2023,23it032@university.edu,23it032@gmail.com,9300030032,2005-02-05,ITFA4,6,IT
23IT033,pass1234,Student_23IT033,2023,23it033@university.edu,23it033@gmail.com,9300030033,2005-03-06,ITFA1,6,IT
23IT034,pass1234,Student_23IT034,2023,23it034@university.edu,23it034@gmail.com,9300030034,2005-04-07,ITFA2,6,IT
23IT035,pass1234,Student_23IT035,2023,23it035@university.edu,23it035@gmail.com,9300030035,2005-05-08,ITFA3,6,IT
23IT036,pass1234,Student_23IT036,2023,23it036@university.edu,23it036@gmail.com,9300030036,2005-06-09,ITFA4,6,IT
23IT037,pass1234,Student_23IT037,2023,23it037@university.edu,23it037@gmail.com,9300030037,2005-07-10,ITFA1,6,IT
23IT038,pass1234,Student_23IT038,2023,23it038@university.edu,23it038@gmail.com,9300030038,2005-08-11,ITFA2,6,IT
23IT039,pass1234,Student_23IT039,2023,23it039@university.edu,23it039@gmail.com,9300030039,2005-09-12,ITFA3,6,IT
23IT040,pass1234,Student_23IT040,2023,23it040@university.edu,23it040@gmail.com,9300030040,2005-10-13,ITFA4,6,IT
23IT041,pass1234,Student_23IT041,2023,23it041@university.edu,23it041@gmail.com,9300030041,2005-11-14,ITFA1,6,IT
23IT042,pass1234,Student_23IT042,2023,23it042@university.edu,23it042@gmail.com,9300030042,2005-12-15,ITFA2,6,IT
23IT043,pass1234,Student_23IT043,2023,23it043@university.edu,23it043@gmail.com,9300030043,2005-01-16,ITFA3,6,IT
23IT044,pass1234,Student_23IT044,2023,23it044@university.edu,23it044@gmail.com,9300030044,2005-02-17,ITFA4,6,IT
23IT045,pass1234,Student_23IT045,2023,23it045@university.edu,23it045@gmail.com,9300030045,2005-03-18,ITFA1,6,IT
23IT046,pass1234,Student_23IT046,2023,23it046@university.edu,23it046@gmail.com,9300030046,2005-04-19,ITFA2,6,IT
23IT047,pass1234,Student_23IT047,2023,23it047@university.edu,23it047@gmail.com,9300030047,2005-05-20,ITFA3,6,IT
23IT048,pass1234,Student_23IT048,2023,23it048@university.edu,23it048@gmail.com,9300030048,2005-06-21,ITFA4,6,IT
23IT049,pass1234,Student_23IT049,2023,23it049@university.edu,23it049@gmail.com,9300030049,2005-07-22,ITFA1,6,IT
23IT050,pass1234,Student_23IT050,2023,23it050@university.edu,23it050@gmail.com,9300030050,2005-08-23,ITFA2,6,IT
23IT051,pass1234,Student_23IT051,2023,23it051@university.edu,23it051@gmail.com,9300030051,2005-09-24,ITFA3,6,IT
23IT052,pass1234,Student_23IT052,2023,23it052@university.edu,23it052@gmail.com,9300030052,2005-10-25,ITFA4,6,IT
23IT053,pass1234,Student_23IT053,2023,23it053@university.edu,23it053@gmail.com,9300030053,2005-11-26,ITFA1,6,IT
23IT054,pass1234,Student_23IT054,2023,23it054@university.edu,23it054@gmail.com,9300030054,2005-12-27,ITFA2,6,IT
23IT055,pass1234,Student_23IT055,2023,23it055@university.edu,23it055@gmail.com,9300030055,2005-01-28,ITFA3,6,IT
23IT056,pass1234,Student_23IT056,2023,23it056@university.edu,23it056@gmail.com,9300030056,2005-02-01,ITFA4,6,IT
23IT057,pass1234,Student_23IT057,2023,23it057@university.edu,23it057@gmail.com,9300030057,2005-03-02,ITFA1,6,IT
23IT058,pass1234,Student_23IT058,2023,23it058@university.edu,23it058@gmail.com,9300030058,2005-04-03,ITFA2,6,IT
23IT059,pass1234,Student_23IT059,2023,23it059@university.edu,23it059@gmail.com,9300030059,2005-05-04,ITFA3,6,IT
23IT060,pass1234,Student_23IT060,2023,23it060@university.edu,23it060@gmail.com,9300030060,2005-06-05,ITFA4,6,IT
23IT061,pass1234,Student_23IT061,2023,23it061@university.edu,23it061@gmail.com,9300030061,2005-07-06,ITFA1,6,IT
23IT062,pass1234,Student_23IT062,2023,23it062@university.edu,23it062@gmail.com,9300030062,2005-08-07,ITFA2,6,IT
23IT063,pass1234,Student_23IT063,2023,23it063@university.edu,23it063@gmail.com,9300030063,2005-09-08,ITFA3,6,IT
23IT064,pass1234,Student_23IT064,2023,23it064@university.edu,23it064@gmail.com,9300030064,2005-10-09,ITFA4,6,IT
23IT065,pass1234,Student_23IT065,2023,23it065@university.edu,23it065@gmail.com,9300030065,2005-11-10,ITFA1,6,IT
23IT066,pass1234,Student_23IT066,2023,23it066@university.edu,23it066@gmail.com,9300030066,2005-12-11,ITFA2,6,IT
23IT067,pass1234,Student_23IT067,2023,23it067@university.edu,23it067@gmail.com,9300030067,2005-01-12,ITFA3,6,IT
23IT068,pass1234,Student_23IT068,2023,23it068@university.edu,23it068@gmail.com,9300030068,2005-02-13,ITFA4,6,IT
23IT069,pass1234,Student_23IT069,2023,23it069@university.edu,23it069@gmail.com,9300030069,2005-03-14,ITFA1,6,IT
23IT070,pass1234,Student_23IT070,2023,23it070@university.edu,23it070@gmail.com,9300030070,2005-04-15,ITFA2,6,IT
23IT071,pass1234,Student_23IT071,2023,23it071@university.edu,23it071@gmail.com,9300030071,2005-05-16,ITFA3,6,IT
23IT072,pass1234,Student_23IT072,2023,23it072@university.edu,23it072@gmail.com,9300030072,2005-06-17,ITFA4,6,IT
23IT073,pass1234,Student_23IT073,2023,23it073@university.edu,23it073@gmail.com,9300030073,2005-07-18,ITFA1,6,IT
23IT074,pass1234,Student_23IT074,2023,23it074@university.edu,23it074@gmail.com,9300030074,2005-08-19,ITFA2,6,IT
23IT075,pass1234,Student_23IT075,2023,23it075@university.edu,23it075@gmail.com,9300030075,2005-09-20,ITFA3,6,IT
23IT076,pass1234,Student_23IT076,2023,23it076@university.edu,23it076@gmail.com,9300030076,2005-10-21,ITFA4,6,IT
23IT077,pass1234,Student_23IT077,2023,23it077@university.edu,23it077@gmail.com,9300030077,2005-11-22,ITFA1,6,IT
23IT078,pass1234,Student_23IT078,2023,23it078@university.edu,23it078@gmail.com,9300030078,2005-12-23,ITFA2,6,IT
23IT079,pass1234,Student_23IT079,2023,23it079@university.edu,23it079@gmail.com,9300030079,2005-01-24,ITFA3,6,IT
23IT080,pass1234,Student_23IT080,2023,23it080@university.edu,23it080@gmail.com,9300030080,2005-02-25,ITFA4,6,IT
23EC001,pass1234,Student_23EC001,2023,23ec001@university.edu,23ec001@gmail.com,9300030001,2005-07-02,ECFA1,6,ECE
23EC002,pass1234,Student_23EC002,2023,23ec002@university.edu,23ec002@gmail.com,9300030002,2005-08-03,ECFA2,6,ECE
23EC003,pass1234,Student_23EC003,2023,23ec003@university.edu,23ec003@gmail.com,9300030003,2005-09-04,ECFA3,6,ECE
23EC004,pass1234,Student_23EC004,2023,23ec004@university.edu,23ec004@gmail.com,9300030004,2005-10-05,ECFA4,6,ECE
23EC005,pass1234,Student_23EC005,2023,23ec005@university.edu,23ec005@gmail.com,9300030005,2005-11-06,ECFA1,6,ECE
23EC006,pass1234,Student_23EC006,2023,23ec006@university.edu,23ec006@gmail.com,9300030006,2005-12-07,ECFA2,6,ECE
23EC007,pass1234,Student_23EC007,2023,23ec007@university.edu,23ec007@gmail.com,9300030007,2005-01-08,ECFA3,6,ECE
23EC008,pass1234,Student_23EC008,2023,23ec008@university.edu,23ec008@gmail.com,9300030008,2005-02-09,ECFA4,6,ECE
23EC009,pass1234,Student_23EC009,2023,23ec009@university.edu,23ec009@gmail.com,9300030009,2005-03-10,ECFA1,6,ECE
23EC010,pass1234,Student_23EC010,2023,23ec010@university.edu,23ec010@gmail.com,9300030010,2005-04-11,ECFA2,6,ECE
23EC011,pass1234,Student_23EC011,2023,23ec011@university.edu,23ec011@gmail.com,9300030011,2005-05-12,ECFA3,6,ECE
23EC012,pass1234,Student_23EC012,2023,23ec012@university.edu,23ec012@gmail.com,9300030012,2005-06-13,ECFA4,6,ECE
23EC013,pass1234,Student_23EC013,2023,23ec013@university.edu,23ec013@gmail.com,9300030013,2005-07-14,ECFA1,6,ECE
23EC014,pass1234,Student_23EC014,2023,23ec014@university.edu,23ec014@gmail.com,9300030014,2005-08-15,ECFA2,6,ECE
23EC015,pass1234,Student_23EC015,2023,23ec015@university.edu,23ec015@gmail.com,9300030015,2005-09-16,ECFA3,6,ECE
23EC016,pass1234,Student_23EC016,2023,23ec016@university.edu,23ec016@gmail.com,9300030016,2005-10-17,ECFA4,6,ECE
23EC017,pass1234,Student_23EC017,2023,23ec017@university.edu,23ec017@gmail.com,9300030017,2005-11-18,ECFA1,6,ECE
23EC018,pass1234,Student_23EC018,2023,23ec018@university.edu,23ec018@gmail.com,9300030018,2005-12-19,ECFA2,6,ECE
23EC019,pass1234,Student_23EC019,2023,23ec019@university.edu,23ec019@gmail.com,9300030019,2005-01-20,ECFA3,6,ECE
23EC020,pass1234,Student_23EC020,2023,23ec020@university.edu,23ec020@gmail.com,9300030020,2005-02-21,ECFA4,6,ECE
23EC021,pass1234,Student_23EC021,2023,23ec021@university.edu,23ec021@gmail.com,9300030021,2005-03-22,ECFA1,6,ECE
23EC022,pass1234,Student_23EC022,2023,23ec022@university.edu,23ec022@gmail.com,9300030022,2005-04-23,ECFA2,6,ECE
23EC023,pass1234,Student_23EC023,2023,23ec023@university.edu,23ec023@gmail.com,9300030023,2005-05-24,ECFA3,6,ECE
23EC024,pass1234,Student_23EC024,2023,23ec024@university.edu,23ec024@gmail.com,9300030024,2005-06-25,ECFA4,6,ECE
23EC025,pass1234,Student_23EC025,2023,23ec025@university.edu,23ec025@gmail.com,9300030025,2005-07-26,ECFA1,6,ECE
23EC026,pass1234,Student_23EC026,2023,23ec026@university.edu,23ec026@gmail.com,9300030026,2005-08-27,ECFA2,6,ECE
23EC027,pass1234,Student_23EC027,2023,23ec027@university.edu,23ec027@gmail.com,9300030027,2005-09-28,ECFA3,6,ECE
23EC028,pass1234,Student_23EC028,2023,23ec028@university.edu,23ec028@gmail.com,9300030028,2005-10-01,ECFA4,6,ECE
23EC029,pass1234,Student_23EC029,2023,23ec029@university.edu,23ec029@gmail.com,9300030029,2005-11-02,ECFA1,6,ECE
23EC030,pass1234,Student_23EC030,2023,23ec030@university.edu,23ec030@gmail.com,9300030030,2005-12-03,ECFA2,6,ECE
23EC031,pass1234,Student_23EC031,2023,23ec031@university.edu,23ec031@gmail.com,9300030031,2005-01-04,ECFA3,6,ECE
23EC032,pass1234,Student_23EC032,2023,23ec032@university.edu,23ec032@gmail.com,9300030032,2005-02-05,ECFA4,6,ECE
23EC033,pass1234,Student_23EC033,2023,23ec033@university.edu,23ec033@gmail.com,9300030033,2005-03-06,ECFA1,6,ECE
23EC034,pass1234,Student_23EC034,2023,23ec034@university.edu,23ec034@gmail.com,9300030034,2005-04-07,ECFA2,6,ECE
23EC035,pass1234,Student_23EC035,2023,23ec035@university.edu,23ec035@gmail.com,9300030035,2005-05-08,ECFA3,6,ECE
23EC036,pass1234,Student_23EC036,2023,23ec036@university.edu,23ec036@gmail.com,9300030036,2005-06-09,ECFA4,6,ECE
23EC037,pass1234,Student_23EC037,2023,23ec037@university.edu,23ec037@gmail.com,9300030037,2005-07-10,ECFA1,6,ECE
23EC038,pass1234,Student_23EC038,2023,23ec038@university.edu,23ec038@gmail.com,9300030038,2005-08-11,ECFA2,6,ECE
23EC039,pass1234,Student_23EC039,2023,23ec039@university.edu,23ec039@gmail.com,9300030039,2005-09-12,ECFA3,6,ECE
23EC040,pass1234,Student_23EC040,2023,23ec040@university.edu,23ec040@gmail.com,9300030040,2005-10-13,ECFA4,6,ECE
23EC041,pass1234,Student_23EC041,2023,23ec041@university.edu,23ec041@gmail.com,9300030041,2005-11-14,ECFA1,6,ECE
23EC042,pass1234,Student_23EC042,2023,23ec042@university.edu,23ec042@gmail.com,9300030042,2005-12-15,ECFA2,6,ECE
23EC043,pass1234,Student_23EC043,2023,23ec043@university.edu,23ec043@gmail.com,9300030043,2005-01-16,ECFA3,6,ECE
23EC044,pass1234,Student_23EC044,2023,23ec044@university.edu,23ec044@gmail.com,9300030044,2005-02-17,ECFA4,6,ECE
23EC045,pass1234,Student_23EC045,2023,23ec045@university.edu,23ec045@gmail.com,9300030045,2005-03-18,ECFA1,6,ECE
23EC046,pass1234,Student_23EC046,2023,23ec046@university.edu,23ec046@gmail.com,9300030046,2005-04-19,ECFA2,6,ECE
23EC047,pass1234,Student_23EC047,2023,23ec047@university.edu,23ec047@gmail.com,9300030047,2005-05-20,ECFA3,6,ECE
23EC048,pass1234,Student_23EC048,2023,23ec048@university.edu,23ec048@gmail.com,9300030048,2005-06-21,ECFA4,6,ECE
23EC049,pass1234,Student_23EC049,2023,23ec049@university.edu,23ec049@gmail.com,9300030049,2005-07-22,ECFA1,6,ECE
23EC050,pass1234,Student_23EC050,2023,23ec050@university.edu,23ec050@gmail.com,9300030050,2005-08-23,ECFA2,6,ECE
23EC051,pass1234,Student_23EC051,2023,23ec051@university.edu,23ec051@gmail.com,9300030051,2005-09-24,ECFA3,6,ECE
23EC052,pass1234,Student_23EC052,2023,23ec052@university.edu,23ec052@gmail.com,9300030052,2005-10-25,ECFA4,6,ECE
23EC053,pass1234,Student_23EC053,2023,23ec053@university.edu,23ec053@gmail.com,9300030053,2005-11-26,ECFA1,6,ECE
23EC054,pass1234,Student_23EC054,2023,23ec054@university.edu,23ec054@gmail.com,9300030054,2005-12-27,ECFA2,6,ECE
23EC055,pass1234,Student_23EC055,2023,23ec055@university.edu,23ec055@gmail.com,9300030055,2005-01-28,ECFA3,6,ECE
23EC056,pass1234,Student_23EC056,2023,23ec056@university.edu,23ec056@gmail.com,9300030056,2005-02-01,ECFA4,6,ECE
23EC057,pass1234,Student_23EC057,2023,23ec057@university.edu,23ec057@gmail.com,9300030057,2005-03-02,ECFA1,6,ECE
23EC058,pass1234,Student_23EC058,2023,23ec058@university.edu,23ec058@gmail.com,9300030058,2005-04-03,ECFA2,6,ECE
23EC059,pass1234,Student_23EC059,2023,23ec059@university.edu,23ec059@gmail.com,9300030059,2005-05-04,ECFA3,6,ECE
23EC060,pass1234,Student_23EC060,2023,23ec060@university.edu,23ec060@gmail.com,9300030060,2005-06-05,ECFA4,6,ECE
23EC061,pass1234,Student_23EC061,2023,23ec061@university.edu,23ec061@gmail.com,9300030061,2005-07-06,ECFA1,6,ECE
23EC062,pass1234,Student_23EC062,2023,23ec062@university.edu,23ec062@gmail.com,9300030062,2005-08-07,ECFA2,6,ECE
23EC063,pass1234,Student_23EC063,2023,23ec063@university.edu,23ec063@gmail.com,9300030063,2005-09-08,ECFA3,6,ECE
23EC064,pass1234,Student_23EC064,2023,23ec064@university.edu,23ec064@gmail.com,9300030064,2005-10-09,ECFA4,6,ECE
23EC065,pass1234,Student_23EC065,2023,23ec065@university.edu,23ec065@gmail.com,9300030065,2005-11-10,ECFA1,6,ECE
23EC066,pass1234,Student_23EC066,2023,23ec066@university.edu,23ec066@gmail.com,9300030066,2005-12-11,ECFA2,6,ECE
23EC067,pass1234,Student_23EC067,2023,23ec067@university.edu,23ec067@gmail.com,9300030067,2005-01-12,ECFA3,6,ECE
23EC068,pass1234,Student_23EC068,2023,23ec068@university.edu,23ec068@gmail.com,9300030068,2005-02-13,ECFA4,6,ECE
23EC069,pass1234,Student_23EC069,2023,23ec069@university.edu,23ec069@gmail.com,9300030069,2005-03-14,ECFA1,6,ECE
23EC070,pass1234,Student_23EC070,2023,23ec070@university.edu,23ec070@gmail.com,9300030070,2005-04-15,ECFA2,6,ECE
23EC071,pass1234,Student_23EC071,2023,23ec071@university.edu,23ec071@gmail.com,9300030071,2005-05-16,ECFA3,6,ECE
23EC072,pass1234,Student_23EC072,2023,23ec072@university.edu,23ec072@gmail.com,9300030072,2005-06-17,ECFA4,6,ECE
23EC073,pass1234,Student_23EC073,2023,23ec073@university.edu,23ec073@gmail.com,9300030073,2005-07-18,ECFA1,6,ECE
23EC074,pass1234,Student_23EC074,2023,23ec074@university.edu,23ec074@gmail.com,9300030074,2005-08-19,ECFA2,6,ECE
23EC075,pass1234,Student_23EC075,2023,23ec075@university.edu,23ec075@gmail.com,9300030075,2005-09-20,ECFA3,6,ECE
23EC076,pass1234,Student_23EC076,2023,23ec076@university.edu,23ec076@gmail.com,9300030076,2005-10-21,ECFA4,6,ECE
23EC077,pass1234,Student_23EC077,2023,23ec077@university.edu,23ec077@gmail.com,9300030077,2005-11-22,ECFA1,6,ECE
23EC078,pass1234,Student_23EC078,2023,23ec078@university.edu,23ec078@gmail.com,9300030078,2005-12-23,ECFA2,6,ECE
23EC079,pass1234,Student_23EC079,2023,23ec079@university.edu,23ec079@gmail.com,9300030079,2005-01-24,ECFA3,6,ECE
23EC080,pass1234,Student_23EC080,2023,23ec080@university.edu,23ec080@gmail.com,9300030080,2005-02-25,ECFA4,6,ECE
23ME001,pass1234,Student_23ME001,2023,23me001@university.edu,23me001@gmail.com,9300030001,2005-07-02,MEFA1,6,ME
23ME002,pass1234,Student_23ME002,2023,23me002@university.edu,23me002@gmail.com,9300030002,2005-08-03,MEFA2,6,ME
23ME003,pass1234,Student_23ME003,2023,23me003@university.edu,23me003@gmail.com,9300030003,2005-09-04,MEFA3,6,ME
23ME004,pass1234,Student_23ME004,2023,23me004@university.edu,23me004@gmail.com,9300030004,2005-10-05,MEFA4,6,ME
23ME005,pass1234,Student_23ME005,2023,23me005@university.edu,23me005@gmail.com,9300030005,2005-11-06,MEFA1,6,ME
23ME006,pass1234,Student_23ME006,2023,23me006@university.edu,23me006@gmail.com,9300030006,2005-12-07,MEFA2,6,ME
23ME007,pass1234,Student_23ME007,2023,23me007@university.edu,23me007@gmail.com,9300030007,2005-01-08,MEFA3,6,ME
23ME008,pass1234,Student_23ME008,2023,23me008@university.edu,23me008@gmail.com,9300030008,2005-02-09,MEFA4,6,ME
23ME009,pass1234,Student_23ME009,2023,23me009@university.edu,23me009@gmail.com,9300030009,2005-03-10,MEFA1,6,ME
23ME010,pass1234,Student_23ME010,2023,23me010@university.edu,23me010@gmail.com,9300030010,2005-04-11,MEFA2,6,ME
23ME011,pass1234,Student_23ME011,2023,23me011@university.edu,23me011@gmail.com,9300030011,2005-05-12,MEFA3,6,ME
23ME012,pass1234,Student_23ME012,2023,23me012@university.edu,23me012@gmail.com,9300030012,2005-06-13,MEFA4,6,ME
23ME013,pass1234,Student_23ME013,2023,23me013@university.edu,23me013@gmail.com,9300030013,2005-07-14,MEFA1,6,ME
23ME014,pass1234,Student_23ME014,2023,23me014@university.edu,23me014@gmail.com,9300030014,2005-08-15,MEFA2,6,ME
23ME015,pass1234,Student_23ME015,2023,23me015@university.edu,23me015@gmail.com,9300030015,2005-09-16,MEFA3,6,ME
23ME016,pass1234,Student_23ME016,2023,23me016@university.edu,23me016@gmail.com,9300030016,2005-10-17,MEFA4,6,ME
23ME017,pass1234,Student_23ME017,2023,23me017@university.edu,23me017@gmail.com,9300030017,2005-11-18,MEFA1,6,ME
23ME018,pass1234,Student_23ME018,2023,23me018@university.edu,23me018@gmail.com,9300030018,2005-12-19,MEFA2,6,ME
23ME019,pass1234,Student_23ME019,2023,23me019@university.edu,23me019@gmail.com,9300030019,2005-01-20,MEFA3,6,ME
23ME020,pass1234,Student_23ME020,2023,23me020@university.edu,23me020@gmail.com,9300030020,2005-02-21,MEFA4,6,ME
23ME021,pass1234,Student_23ME021,2023,23me021@university.edu,23me021@gmail.com,9300030021,2005-03-22,MEFA1,6,ME
23ME022,pass1234,Student_23ME022,2023,23me022@university.edu,23me022@gmail.com,9300030022,2005-04-23,MEFA2,6,ME
23ME023,pass1234,Student_23ME023,2023,23me023@university.edu,23me023@gmail.com,9300030023,2005-05-24,MEFA3,6,ME
23ME024,pass1234,Student_23ME024,2023,23me024@university.edu,23me024@gmail.com,9300030024,2005-06-25,MEFA4,6,ME
23ME025,pass1234,Student_23ME025,2023,23me025@university.edu,23me025@gmail.com,9300030025,2005-07-26,MEFA1,6,ME
23ME026,pass1234,Student_23ME026,2023,23me026@university.edu,23me026@gmail.com,9300030026,2005-08-27,MEFA2,6,ME
23ME027,pass1234,Student_23ME027,2023,23me027@university.edu,23me027@gmail.com,9300030027,2005-09-28,MEFA3,6,ME
23ME028,pass1234,Student_23ME028,2023,23me028@university.edu,23me028@gmail.com,9300030028,2005-10-01,MEFA4,6,ME
23ME029,pass1234,Student_23ME029,2023,23me029@university.edu,23me029@gmail.com,9300030029,2005-11-02,MEFA1,6,ME
23ME030,pass1234,Student_23ME030,2023,23me030@university.edu,23me030@gmail.com,9300030030,2005-12-03,MEFA2,6,ME
23ME031,pass1234,Student_23ME031,2023,23me031@university.edu,23me031@gmail.com,9300030031,2005-01-04,MEFA3,6,ME
23ME032,pass1234,Student_23ME032,2023,23me032@university.edu,23me032@gmail.com,9300030032,2005-02-05,MEFA4,6,ME
23ME033,pass1234,Student_23ME033,2023,23me033@university.edu,23me033@gmail.com,9300030033,2005-03-06,MEFA1,6,ME
23ME034,pass1234,Student_23ME034,2023,23me034@university.edu,23me034@gmail.com,9300030034,2005-04-07,MEFA2,6,ME
23ME035,pass1234,Student_23ME035,2023,23me035@university.edu,23me035@gmail.com,9300030035,2005-05-08,MEFA3,6,ME
23ME036,pass1234,Student_23ME036,2023,23me036@university.edu,23me036@gmail.com,9300030036,2005-06-09,MEFA4,6,ME
23ME037,pass1234,Student_23ME037,2023,23me037@university.edu,23me037@gmail.com,9300030037,2005-07-10,MEFA1,6,ME
23ME038,pass1234,Student_23ME038,2023,23me038@university.edu,23me038@gmail.com,9300030038,2005-08-11,MEFA2,6,ME
23ME039,pass1234,Student_23ME039,2023,23me039@university.edu,23me039@gmail.com,9300030039,2005-09-12,MEFA3,6,ME
23ME040,pass1234,Student_23ME040,2023,23me040@university.edu,23me040@gmail.com,9300030040,2005-10-13,MEFA4,6,ME
23ME041,pass1234,Student_23ME041,2023,23me041@university.edu,23me041@gmail.com,9300030041,2005-11-14,MEFA1,6,ME
23ME042,pass1234,Student_23ME042,2023,23me042@university.edu,23me042@gmail.com,9300030042,2005-12-15,MEFA2,6,ME
23ME043,pass1234,Student_23ME043,2023,23me043@university.edu,23me043@gmail.com,9300030043,2005-01-16,MEFA3,6,ME
23ME044,pass1234,Student_23ME044,2023,23me044@university.edu,23me044@gmail.com,9300030044,2005-02-17,MEFA4,6,ME
23ME045,pass1234,Student_23ME045,2023,23me045@university.edu,23me045@gmail.com,9300030045,2005-03-18,MEFA1,6,ME
23ME046,pass1234,Student_23ME046,2023,23me046@university.edu,23me046@gmail.com,9300030046,2005-04-19,MEFA2,6,ME
23ME047,pass1234,Student_23ME047,2023,23me047@university.edu,23me047@gmail.com,9300030047,2005-05-20,MEFA3,6,ME
23ME048,pass1234,Student_23ME048,2023,23me048@university.edu,23me048@gmail.com,9300030048,2005-06-21,MEFA4,6,ME
23ME049,pass1234,Student_23ME049,2023,23me049@university.edu,23me049@gmail.com,9300030049,2005-07-22,MEFA1,6,ME
23ME050,pass1234,Student_23ME050,2023,23me050@university.edu,23me050@gmail.com,9300030050,2005-08-23,MEFA2,6,ME
23ME051,pass1234,Student_23ME051,2023,23me051@university.edu,23me051@gmail.com,9300030051,2005-09-24,MEFA3,6,ME
23ME052,pass1234,Student_23ME052,2023,23me052@university.edu,23me052@gmail.com,9300030052,2005-10-25,MEFA4,6,ME
23ME053,pass1234,Student_23ME053,2023,23me053@university.edu,23me053@gmail.com,9300030053,2005-11-26,MEFA1,6,ME
23ME054,pass1234,Student_23ME054,2023,23me054@university.edu,23me054@gmail.com,9300030054,2005-12-27,MEFA2,6,ME
23ME055,pass1234,Student_23ME055,2023,23me055@university.edu,23me055@gmail.com,9300030055,2005-01-28,MEFA3,6,ME
23ME056,pass1234,Student_23ME056,2023,23me056@university.edu,23me056@gmail.com,9300030056,2005-02-01,MEFA4,6,ME
23ME057,pass1234,Student_23ME057,2023,23me057@university.edu,23me057@gmail.com,9300030057,2005-03-02,MEFA1,6,ME
23ME058,pass1234,Student_23ME058,2023,23me058@university.edu,23me058@gmail.com,9300030058,2005-04-03,MEFA2,6,ME
23ME059,pass1234,Student_23ME059,2023,23me059@university.edu,23me059@gmail.com,9300030059,2005-05-04,MEFA3,6,ME
23ME060,pass1234,Student_23ME060,2023,23me060@university.edu,23me060@gmail.com,9300030060,2005-06-05,MEFA4,6,ME
23ME061,pass1234,Student_23ME061,2023,23me061@university.edu,23me061@gmail.com,9300030061,2005-07-06,MEFA1,6,ME
23ME062,pass1234,Student_23ME062,2023,23me062@university.edu,23me062@gmail.com,9300030062,2005-08-07,MEFA2,6,ME
23ME063,pass1234,Student_23ME063,2023,23me063@university.edu,23me063@gmail.com,9300030063,2005-09-08,MEFA3,6,ME
23ME064,pass1234,Student_23ME064,2023,23me064@university.edu,23me064@gmail.com,9300030064,2005-10-09,MEFA4,6,ME
23ME065,pass1234,Student_23ME065,2023,23me065@university.edu,23me065@gmail.com,9300030065,2005-11-10,MEFA1,6,ME
23ME066,pass1234,Student_23ME066,2023,23me066@university.edu,23me066@gmail.com,9300030066,2005-12-11,MEFA2,6,ME
23ME067,pass1234,Student_23ME067,2023,23me067@university.edu,23me067@gmail.com,9300030067,2005-01-12,MEFA3,6,ME
23ME068,pass1234,Student_23ME068,2023,23me068@university.edu,23me068@gmail.com,9300030068,2005-02-13,MEFA4,6,ME
23ME069,pass1234,Student_23ME069,2023,23me069@university.edu,23me069@gmail.com,9300030069,2005-03-14,MEFA1,6,ME
23ME070,pass1234,Student_23ME070,2023,23me070@university.edu,23me070@gmail.com,9300030070,2005-04-15,MEFA2,6,ME
23ME071,pass1234,Student_23ME071,2023,23me071@university.edu,23me071@gmail.com,9300030071,2005-05-16,MEFA3,6,ME
23ME072,pass1234,Student_23ME072,2023,23me072@university.edu,23me072@gmail.com,9300030072,2005-06-17,MEFA4,6,ME
23ME073,pass1234,Student_23ME073,2023,23me073@university.edu,23me073@gmail.com,9300030073,2005-07-18,MEFA1,6,ME
23ME074,pass1234,Student_23ME074,2023,23me074@university.edu,23me074@gmail.com,9300030074,2005-08-19,MEFA2,6,ME
23ME075,pass1234,Student_23ME075,2023,23me075@university.edu,23me075@gmail.com,9300030075,2005-09-20,MEFA3,6,ME
23ME076,pass1234,Student_23ME076,2023,23me076@university.edu,23me076@gmail.com,9300030076,2005-10-21,MEFA4,6,ME
23ME077,pass1234,Student_23ME077,2023,23me077@university.edu,23me077@gmail.com,9300030077,2005-11-22,MEFA1,6,ME
23ME078,pass1234,Student_23ME078,2023,23me078@university.edu,23me078@gmail.com,9300030078,2005-12-23,MEFA2,6,ME
23ME079,pass1234,Student_23ME079,2023,23me079@university.edu,23me079@gmail.com,9300030079,2005-01-24,MEFA3,6,ME
23ME080,pass1234,Student_23ME080,2023,23me080@university.edu,23me080@gmail.com,9300030080,2005-02-25,MEFA4,6,ME
23CE001,pass1234,Student_23CE001,2023,23ce001@university.edu,23ce001@gmail.com,9300030001,2005-07-02,CEFA1,6,CE
23CE002,pass1234,Student_23CE002,2023,23ce002@university.edu,23ce002@gmail.com,9300030002,2005-08-03,CEFA2,6,CE
23CE003,pass1234,Student_23CE003,2023,23ce003@university.edu,23ce003@gmail.com,9300030003,2005-09-04,CEFA3,6,CE
23CE004,pass1234,Student_23CE004,2023,23ce004@university.edu,23ce004@gmail.com,9300030004,2005-10-05,CEFA4,6,CE
23CE005,pass1234,Student_23CE005,2023,23ce005@university.edu,23ce005@gmail.com,9300030005,2005-11-06,CEFA1,6,CE
23CE006,pass1234,Student_23CE006,2023,23ce006@university.edu,23ce006@gmail.com,9300030006,2005-12-07,CEFA2,6,CE
23CE007,pass1234,Student_23CE007,2023,23ce007@university.edu,23ce007@gmail.com,9300030007,2005-01-08,CEFA3,6,CE
23CE008,pass1234,Student_23CE008,2023,23ce008@university.edu,23ce008@gmail.com,9300030008,2005-02-09,CEFA4,6,CE
23CE009,pass1234,Student_23CE009,2023,23ce009@university.edu,23ce009@gmail.com,9300030009,2005-03-10,CEFA1,6,CE
23CE010,pass1234,Student_23CE010,2023,23ce010@university.edu,23ce010@gmail.com,9300030010,2005-04-11,CEFA2,6,CE
23CE011,pass1234,Student_23CE011,2023,23ce011@university.edu,23ce011@gmail.com,9300030011,2005-05-12,CEFA3,6,CE
23CE012,pass1234,Student_23CE012,2023,23ce012@university.edu,23ce012@gmail.com,9300030012,2005-06-13,CEFA4,6,CE
23CE013,pass1234,Student_23CE013,2023,23ce013@university.edu,23ce013@gmail.com,9300030013,2005-07-14,CEFA1,6,CE
23CE014,pass1234,Student_23CE014,2023,23ce014@university.edu,23ce014@gmail.com,9300030014,2005-08-15,CEFA2,6,CE
23CE015,pass1234,Student_23CE015,2023,23ce015@university.edu,23ce015@gmail.com,9300030015,2005-09-16,CEFA3,6,CE
23CE016,pass1234,Student_23CE016,2023,23ce016@university.edu,23ce016@gmail.com,9300030016,2005-10-17,CEFA4,6,CE
23CE017,pass1234,Student_23CE017,2023,23ce017@university.edu,23ce017@gmail.com,9300030017,2005-11-18,CEFA1,6,CE
23CE018,pass1234,Student_23CE018,2023,23ce018@university.edu,23ce018@gmail.com,9300030018,2005-12-19,CEFA2,6,CE
23CE019,pass1234,Student_23CE019,2023,23ce019@university.edu,23ce019@gmail.com,9300030019,2005-01-20,CEFA3,6,CE
23CE020,pass1234,Student_23CE020,2023,23ce020@university.edu,23ce020@gmail.com,9300030020,2005-02-21,CEFA4,6,CE
23CE021,pass1234,Student_23CE021,2023,23ce021@university.edu,23ce021@gmail.com,9300030021,2005-03-22,CEFA1,6,CE
23CE022,pass1234,Student_23CE022,2023,23ce022@university.edu,23ce022@gmail.com,9300030022,2005-04-23,CEFA2,6,CE
23CE023,pass1234,Student_23CE023,2023,23ce023@university.edu,23ce023@gmail.com,9300030023,2005-05-24,CEFA3,6,CE
23CE024,pass1234,Student_23CE024,2023,23ce024@university.edu,23ce024@gmail.com,9300030024,2005-06-25,CEFA4,6,CE
23CE025,pass1234,Student_23CE025,2023,23ce025@university.edu,23ce025@gmail.com,9300030025,2005-07-26,CEFA1,6,CE
23CE026,pass1234,Student_23CE026,2023,23ce026@university.edu,23ce026@gmail.com,9300030026,2005-08-27,CEFA2,6,CE
23CE027,pass1234,Student_23CE027,2023,23ce027@university.edu,23ce027@gmail.com,9300030027,2005-09-28,CEFA3,6,CE
23CE028,pass1234,Student_23CE028,2023,23ce028@university.edu,23ce028@gmail.com,9300030028,2005-10-01,CEFA4,6,CE
23CE029,pass1234,Student_23CE029,2023,23ce029@university.edu,23ce029@gmail.com,9300030029,2005-11-02,CEFA1,6,CE
23CE030,pass1234,Student_23CE030,2023,23ce030@university.edu,23ce030@gmail.com,9300030030,2005-12-03,CEFA2,6,CE
23CE031,pass1234,Student_23CE031,2023,23ce031@university.edu,23ce031@gmail.com,9300030031,2005-01-04,CEFA3,6,CE
23CE032,pass1234,Student_23CE032,2023,23ce032@university.edu,23ce032@gmail.com,9300030032,2005-02-05,CEFA4,6,CE
23CE033,pass1234,Student_23CE033,2023,23ce033@university.edu,23ce033@gmail.com,9300030033,2005-03-06,CEFA1,6,CE
23CE034,pass1234,Student_23CE034,2023,23ce034@university.edu,23ce034@gmail.com,9300030034,2005-04-07,CEFA2,6,CE
23CE035,pass1234,Student_23CE035,2023,23ce035@university.edu,23ce035@gmail.com,9300030035,2005-05-08,CEFA3,6,CE
23CE036,pass1234,Student_23CE036,2023,23ce036@university.edu,23ce036@gmail.com,9300030036,2005-06-09,CEFA4,6,CE
23CE037,pass1234,Student_23CE037,2023,23ce037@university.edu,23ce037@gmail.com,9300030037,2005-07-10,CEFA1,6,CE
23CE038,pass1234,Student_23CE038,2023,23ce038@university.edu,23ce038@gmail.com,9300030038,2005-08-11,CEFA2,6,CE
23CE039,pass1234,Student_23CE039,2023,23ce039@university.edu,23ce039@gmail.com,9300030039,2005-09-12,CEFA3,6,CE
23CE040,pass1234,Student_23CE040,2023,23ce040@university.edu,23ce040@gmail.com,9300030040,2005-10-13,CEFA4,6,CE
23CE041,pass1234,Student_23CE041,2023,23ce041@university.edu,23ce041@gmail.com,9300030041,2005-11-14,CEFA1,6,CE
23CE042,pass1234,Student_23CE042,2023,23ce042@university.edu,23ce042@gmail.com,9300030042,2005-12-15,CEFA2,6,CE
23CE043,pass1234,Student_23CE043,2023,23ce043@university.edu,23ce043@gmail.com,9300030043,2005-01-16,CEFA3,6,CE
23CE044,pass1234,Student_23CE044,2023,23ce044@university.edu,23ce044@gmail.com,9300030044,2005-02-17,CEFA4,6,CE
23CE045,pass1234,Student_23CE045,2023,23ce045@university.edu,23ce045@gmail.com,9300030045,2005-03-18,CEFA1,6,CE
23CE046,pass1234,Student_23CE046,2023,23ce046@university.edu,23ce046@gmail.com,9300030046,2005-04-19,CEFA2,6,CE
23CE047,pass1234,Student_23CE047,2023,23ce047@university.edu,23ce047@gmail.com,9300030047,2005-05-20,CEFA3,6,CE
23CE048,pass1234,Student_23CE048,2023,23ce048@university.edu,23ce048@gmail.com,9300030048,2005-06-21,CEFA4,6,CE
23CE049,pass1234,Student_23CE049,2023,23ce049@university.edu,23ce049@gmail.com,9300030049,2005-07-22,CEFA1,6,CE
23CE050,pass1234,Student_23CE050,2023,23ce050@university.edu,23ce050@gmail.com,9300030050,2005-08-23,CEFA2,6,CE
23CE051,pass1234,Student_23CE051,2023,23ce051@university.edu,23ce051@gmail.com,9300030051,2005-09-24,CEFA3,6,CE
23CE052,pass1234,Student_23CE052,2023,23ce052@university.edu,23ce052@gmail.com,9300030052,2005-10-25,CEFA4,6,CE
23CE053,pass1234,Student_23CE053,2023,23ce053@university.edu,23ce053@gmail.com,9300030053,2005-11-26,CEFA1,6,CE
23CE054,pass1234,Student_23CE054,2023,23ce054@university.edu,23ce054@gmail.com,9300030054,2005-12-27,CEFA2,6,CE
23CE055,pass1234,Student_23CE055,2023,23ce055@university.edu,23ce055@gmail.com,9300030055,2005-01-28,CEFA3,6,CE
23CE056,pass1234,Student_23CE056,2023,23ce056@university.edu,23ce056@gmail.com,9300030056,2005-02-01,CEFA4,6,CE
23CE057,pass1234,Student_23CE057,2023,23ce057@university.edu,23ce057@gmail.com,9300030057,2005-03-02,CEFA1,6,CE
23CE058,pass1234,Student_23CE058,2023,23ce058@university.edu,23ce058@gmail.com,9300030058,2005-04-03,CEFA2,6,CE
23CE059,pass1234,Student_23CE059,2023,23ce059@university.edu,23ce059@gmail.com,9300030059,2005-05-04,CEFA3,6,CE
23CE060,pass1234,Student_23CE060,2023,23ce060@university.edu,23ce060@gmail.com,9300030060,2005-06-05,CEFA4,6,CE
23CE061,pass1234,Student_23CE061,2023,23ce061@university.edu,23ce061@gmail.com,9300030061,2005-07-06,CEFA1,6,CE
23CE062,pass1234,Student_23CE062,2023,23ce062@university.edu,23ce062@gmail.com,9300030062,2005-08-07,CEFA2,6,CE
23CE063,pass1234,Student_23CE063,2023,23ce063@university.edu,23ce063@gmail.com,9300030063,2005-09-08,CEFA3,6,CE
23CE064,pass1234,Student_23CE064,2023,23ce064@university.edu,23ce064@gmail.com,9300030064,2005-10-09,CEFA4,6,CE
23CE065,pass1234,Student_23CE065,2023,23ce065@university.edu,23ce065@gmail.com,9300030065,2005-11-10,CEFA1,6,CE
23CE066,pass1234,Student_23CE066,2023,23ce066@university.edu,23ce066@gmail.com,9300030066,2005-12-11,CEFA2,6,CE
23CE067,pass1234,Student_23CE067,2023,23ce067@university.edu,23ce067@gmail.com,9300030067,2005-01-12,CEFA3,6,CE
23CE068,pass1234,Student_23CE068,2023,23ce068@university.edu,23ce068@gmail.com,9300030068,2005-02-13,CEFA4,6,CE
23CE069,pass1234,Student_23CE069,2023,23ce069@university.edu,23ce069@gmail.com,9300030069,2005-03-14,CEFA1,6,CE
23CE070,pass1234,Student_23CE070,2023,23ce070@university.edu,23ce070@gmail.com,9300030070,2005-04-15,CEFA2,6,CE
23CE071,pass1234,Student_23CE071,2023,23ce071@university.edu,23ce071@gmail.com,9300030071,2005-05-16,CEFA3,6,CE
23CE072,pass1234,Student_23CE072,2023,23ce072@university.edu,23ce072@gmail.com,9300030072,2005-06-17,CEFA4,6,CE
23CE073,pass1234,Student_23CE073,2023,23ce073@university.edu,23ce073@gmail.com,9300030073,2005-07-18,CEFA1,6,CE
23CE074,pass1234,Student_23CE074,2023,23ce074@university.edu,23ce074@gmail.com,9300030074,2005-08-19,CEFA2,6,CE
23CE075,pass1234,Student_23CE075,2023,23ce075@university.edu,23ce075@gmail.com,9300030075,2005-09-20,CEFA3,6,CE
23CE076,pass1234,Student_23CE076,2023,23ce076@university.edu,23ce076@gmail.com,9300030076,2005-10-21,CEFA4,6,CE
23CE077,pass1234,Student_23CE077,2023,23ce077@university.edu,23ce077@gmail.com,9300030077,2005-11-22,CEFA1,6,CE
23CE078,pass1234,Student_23CE078,2023,23ce078@university.edu,23ce078@gmail.com,9300030078,2005-12-23,CEFA2,6,CE
23CE079,pass1234,Student_23CE079,2023,23ce079@university.edu,23ce079@gmail.com,9300030079,2005-01-24,CEFA3,6,CE
23CE080,pass1234,Student_23CE080,2023,23ce080@university.edu,23ce080@gmail.com,9300030080,2005-02-25,CEFA4,6,CE
24CS001,pass1234,Student_24CS001,2024,24cs001@university.edu,24cs001@gmail.com,9300040001,2006-07-02,CSFA1,4,CSE
24CS002,pass1234,Student_24CS002,2024,24cs002@university.edu,24cs002@gmail.com,9300040002,2006-08-03,CSFA2,4,CSE
24CS003,pass1234,Student_24CS003,2024,24cs003@university.edu,24cs003@gmail.com,9300040003,2006-09-04,CSFA3,4,CSE
24CS004,pass1234,Student_24CS004,2024,24cs004@university.edu,24cs004@gmail.com,9300040004,2006-10-05,CSFA4,4,CSE
24CS005,pass1234,Student_24CS005,2024,24cs005@university.edu,24cs005@gmail.com,9300040005,2006-11-06,CSFA1,4,CSE
24CS006,pass1234,Student_24CS006,2024,24cs006@university.edu,24cs006@gmail.com,9300040006,2006-12-07,CSFA2,4,CSE
24CS007,pass1234,Student_24CS007,2024,24cs007@university.edu,24cs007@gmail.com,9300040007,2006-01-08,CSFA3,4,CSE
24CS008,pass1234,Student_24CS008,2024,24cs008@university.edu,24cs008@gmail.com,9300040008,2006-02-09,CSFA4,4,CSE
24CS009,pass1234,Student_24CS009,2024,24cs009@university.edu,24cs009@gmail.com,9300040009,2006-03-10,CSFA1,4,CSE
24CS010,pass1234,Student_24CS010,2024,24cs010@university.edu,24cs010@gmail.com,9300040010,2006-04-11,CSFA2,4,CSE
24CS011,pass1234,Student_24CS011,2024,24cs011@university.edu,24cs011@gmail.com,9300040011,2006-05-12,CSFA3,4,CSE
24CS012,pass1234,Student_24CS012,2024,24cs012@university.edu,24cs012@gmail.com,9300040012,2006-06-13,CSFA4,4,CSE
24CS013,pass1234,Student_24CS013,2024,24cs013@university.edu,24cs013@gmail.com,9300040013,2006-07-14,CSFA1,4,CSE
24CS014,pass1234,Student_24CS014,2024,24cs014@university.edu,24cs014@gmail.com,9300040014,2006-08-15,CSFA2,4,CSE
24CS015,pass1234,Student_24CS015,2024,24cs015@university.edu,24cs015@gmail.com,9300040015,2006-09-16,CSFA3,4,CSE
24CS016,pass1234,Student_24CS016,2024,24cs016@university.edu,24cs016@gmail.com,9300040016,2006-10-17,CSFA4,4,CSE
24CS017,pass1234,Student_24CS017,2024,24cs017@university.edu,24cs017@gmail.com,9300040017,2006-11-18,CSFA1,4,CSE
24CS018,pass1234,Student_24CS018,2024,24cs018@university.edu,24cs018@gmail.com,9300040018,2006-12-19,CSFA2,4,CSE
24CS019,pass1234,Student_24CS019,2024,24cs019@university.edu,24cs019@gmail.com,9300040019,2006-01-20,CSFA3,4,CSE
24CS020,pass1234,Student_24CS020,2024,24cs020@university.edu,24cs020@gmail.com,9300040020,2006-02-21,CSFA4,4,CSE
24CS021,pass1234,Student_24CS021,2024,24cs021@university.edu,24cs021@gmail.com,9300040021,2006-03-22,CSFA1,4,CSE
24CS022,pass1234,Student_24CS022,2024,24cs022@university.edu,24cs022@gmail.com,9300040022,2006-04-23,CSFA2,4,CSE
24CS023,pass1234,Student_24CS023,2024,24cs023@university.edu,24cs023@gmail.com,9300040023,2006-05-24,CSFA3,4,CSE
24CS024,pass1234,Student_24CS024,2024,24cs024@university.edu,24cs024@gmail.com,9300040024,2006-06-25,CSFA4,4,CSE
24CS025,pass1234,Student_24CS025,2024,24cs025@university.edu,24cs025@gmail.com,9300040025,2006-07-26,CSFA1,4,CSE
24CS026,pass1234,Student_24CS026,2024,24cs026@university.edu,24cs026@gmail.com,9300040026,2006-08-27,CSFA2,4,CSE
24CS027,pass1234,Student_24CS027,2024,24cs027@university.edu,24cs027@gmail.com,9300040027,2006-09-28,CSFA3,4,CSE
24CS028,pass1234,Student_24CS028,2024,24cs028@university.edu,24cs028@gmail.com,9300040028,2006-10-01,CSFA4,4,CSE
24CS029,pass1234,Student_24CS029,2024,24cs029@university.edu,24cs029@gmail.com,9300040029,2006-11-02,CSFA1,4,CSE
24CS030,pass1234,Student_24CS030,2024,24cs030@university.edu,24cs030@gmail.com,9300040030,2006-12-03,CSFA2,4,CSE
24CS031,pass1234,Student_24CS031,2024,24cs031@university.edu,24cs031@gmail.com,9300040031,2006-01-04,CSFA3,4,CSE
24CS032,pass1234,Student_24CS032,2024,24cs032@university.edu,24cs032@gmail.com,9300040032,2006-02-05,CSFA4,4,CSE
24CS033,pass1234,Student_24CS033,2024,24cs033@university.edu,24cs033@gmail.com,9300040033,2006-03-06,CSFA1,4,CSE
24CS034,pass1234,Student_24CS034,2024,24cs034@university.edu,24cs034@gmail.com,9300040034,2006-04-07,CSFA2,4,CSE
24CS035,pass1234,Student_24CS035,2024,24cs035@university.edu,24cs035@gmail.com,9300040035,2006-05-08,CSFA3,4,CSE
24CS036,pass1234,Student_24CS036,2024,24cs036@university.edu,24cs036@gmail.com,9300040036,2006-06-09,CSFA4,4,CSE
24CS037,pass1234,Student_24CS037,2024,24cs037@university.edu,24cs037@gmail.com,9300040037,2006-07-10,CSFA1,4,CSE
24CS038,pass1234,Student_24CS038,2024,24cs038@university.edu,24cs038@gmail.com,9300040038,2006-08-11,CSFA2,4,CSE
24CS039,pass1234,Student_24CS039,2024,24cs039@university.edu,24cs039@gmail.com,9300040039,2006-09-12,CSFA3,4,CSE
24CS040,pass1234,Student_24CS040,2024,24cs040@university.edu,24cs040@gmail.com,9300040040,2006-10-13,CSFA4,4,CSE
24CS041,pass1234,Student_24CS041,2024,24cs041@university.edu,24cs041@gmail.com,9300040041,2006-11-14,CSFA1,4,CSE
24CS042,pass1234,Student_24CS042,2024,24cs042@university.edu,24cs042@gmail.com,9300040042,2006-12-15,CSFA2,4,CSE
24CS043,pass1234,Student_24CS043,2024,24cs043@university.edu,24cs043@gmail.com,9300040043,2006-01-16,CSFA3,4,CSE
24CS044,pass1234,Student_24CS044,2024,24cs044@university.edu,24cs044@gmail.com,9300040044,2006-02-17,CSFA4,4,CSE
24CS045,pass1234,Student_24CS045,2024,24cs045@university.edu,24cs045@gmail.com,9300040045,2006-03-18,CSFA1,4,CSE
24CS046,pass1234,Student_24CS046,2024,24cs046@university.edu,24cs046@gmail.com,9300040046,2006-04-19,CSFA2,4,CSE
24CS047,pass1234,Student_24CS047,2024,24cs047@university.edu,24cs047@gmail.com,9300040047,2006-05-20,CSFA3,4,CSE
24CS048,pass1234,Student_24CS048,2024,24cs048@university.edu,24cs048@gmail.com,9300040048,2006-06-21,CSFA4,4,CSE
24CS049,pass1234,Student_24CS049,2024,24cs049@university.edu,24cs049@gmail.com,9300040049,2006-07-22,CSFA1,4,CSE
24CS050,pass1234,Student_24CS050,2024,24cs050@university.edu,24cs050@gmail.com,9300040050,2006-08-23,CSFA2,4,CSE
24CS051,pass1234,Student_24CS051,2024,24cs051@university.edu,24cs051@gmail.com,9300040051,2006-09-24,CSFA3,4,CSE
24CS052,pass1234,Student_24CS052,2024,24cs052@university.edu,24cs052@gmail.com,9300040052,2006-10-25,CSFA4,4,CSE
24CS053,pass1234,Student_24CS053,2024,24cs053@university.edu,24cs053@gmail.com,9300040053,2006-11-26,CSFA1,4,CSE
24CS054,pass1234,Student_24CS054,2024,24cs054@university.edu,24cs054@gmail.com,9300040054,2006-12-27,CSFA2,4,CSE
24CS055,pass1234,Student_24CS055,2024,24cs055@university.edu,24cs055@gmail.com,9300040055,2006-01-28,CSFA3,4,CSE
24CS056,pass1234,Student_24CS056,2024,24cs056@university.edu,24cs056@gmail.com,9300040056,2006-02-01,CSFA4,4,CSE
24CS057,pass1234,Student_24CS057,2024,24cs057@university.edu,24cs057@gmail.com,9300040057,2006-03-02,CSFA1,4,CSE
24CS058,pass1234,Student_24CS058,2024,24cs058@university.edu,24cs058@gmail.com,9300040058,2006-04-03,CSFA2,4,CSE
24CS059,pass1234,Student_24CS059,2024,24cs059@university.edu,24cs059@gmail.com,9300040059,2006-05-04,CSFA3,4,CSE
24CS060,pass1234,Student_24CS060,2024,24cs060@university.edu,24cs060@gmail.com,9300040060,2006-06-05,CSFA4,4,CSE
24CS061,pass1234,Student_24CS061,2024,24cs061@university.edu,24cs061@gmail.com,9300040061,2006-07-06,CSFA1,4,CSE
24CS062,pass1234,Student_24CS062,2024,24cs062@university.edu,24cs062@gmail.com,9300040062,2006-08-07,CSFA2,4,CSE
24CS063,pass1234,Student_24CS063,2024,24cs063@university.edu,24cs063@gmail.com,9300040063,2006-09-08,CSFA3,4,CSE
24CS064,pass1234,Student_24CS064,2024,24cs064@university.edu,24cs064@gmail.com,9300040064,2006-10-09,CSFA4,4,CSE
24CS065,pass1234,Student_24CS065,2024,24cs065@university.edu,24cs065@gmail.com,9300040065,2006-11-10,CSFA1,4,CSE
24CS066,pass1234,Student_24CS066,2024,24cs066@university.edu,24cs066@gmail.com,9300040066,2006-12-11,CSFA2,4,CSE
24CS067,pass1234,Student_24CS067,2024,24cs067@university.edu,24cs067@gmail.com,9300040067,2006-01-12,CSFA3,4,CSE
24CS068,pass1234,Student_24CS068,2024,24cs068@university.edu,24cs068@gmail.com,9300040068,2006-02-13,CSFA4,4,CSE
24CS069,pass1234,Student_24CS069,2024,24cs069@university.edu,24cs069@gmail.com,9300040069,2006-03-14,CSFA1,4,CSE
24CS070,pass1234,Student_24CS070,2024,24cs070@university.edu,24cs070@gmail.com,9300040070,2006-04-15,CSFA2,4,CSE
24CS071,pass1234,Student_24CS071,2024,24cs071@university.edu,24cs071@gmail.com,9300040071,2006-05-16,CSFA3,4,CSE
24CS072,pass1234,Student_24CS072,2024,24cs072@university.edu,24cs072@gmail.com,9300040072,2006-06-17,CSFA4,4,CSE
24CS073,pass1234,Student_24CS073,2024,24cs073@university.edu,24cs073@gmail.com,9300040073,2006-07-18,CSFA1,4,CSE
24CS074,pass1234,Student_24CS074,2024,24cs074@university.edu,24cs074@gmail.com,9300040074,2006-08-19,CSFA2,4,CSE
24CS075,pass1234,Student_24CS075,2024,24cs075@university.edu,24cs075@gmail.com,9300040075,2006-09-20,CSFA3,4,CSE
24CS076,pass1234,Student_24CS076,2024,24cs076@university.edu,24cs076@gmail.com,9300040076,2006-10-21,CSFA4,4,CSE
24CS077,pass1234,Student_24CS077,2024,24cs077@university.edu,24cs077@gmail.com,9300040077,2006-11-22,CSFA1,4,CSE
24CS078,pass1234,Student_24CS078,2024,24cs078@university.edu,24cs078@gmail.com,9300040078,2006-12-23,CSFA2,4,CSE
24CS079,pass1234,Student_24CS079,2024,24cs079@university.edu,24cs079@gmail.com,9300040079,2006-01-24,CSFA3,4,CSE
24CS080,pass1234,Student_24CS080,2024,24cs080@university.edu,24cs080@gmail.com,9300040080,2006-02-25,CSFA4,4,CSE
24IT001,pass1234,Student_24IT001,2024,24it001@university.edu,24it001@gmail.com,9300040001,2006-07-02,ITFA1,4,IT
24IT002,pass1234,Student_24IT002,2024,24it002@university.edu,24it002@gmail.com,9300040002,2006-08-03,ITFA2,4,IT
24IT003,pass1234,Student_24IT003,2024,24it003@university.edu,24it003@gmail.com,9300040003,2006-09-04,ITFA3,4,IT
24IT004,pass1234,Student_24IT004,2024,24it004@university.edu,24it004@gmail.com,9300040004,2006-10-05,ITFA4,4,IT
24IT005,pass1234,Student_24IT005,2024,24it005@university.edu,24it005@gmail.com,9300040005,2006-11-06,ITFA1,4,IT
24IT006,pass1234,Student_24IT006,2024,24it006@university.edu,24it006@gmail.com,9300040006,2006-12-07,ITFA2,4,IT
24IT007,pass1234,Student_24IT007,2024,24it007@university.edu,24it007@gmail.com,9300040007,2006-01-08,ITFA3,4,IT
24IT008,pass1234,Student_24IT008,2024,24it008@university.edu,24it008@gmail.com,9300040008,2006-02-09,ITFA4,4,IT
24IT009,pass1234,Student_24IT009,2024,24it009@university.edu,24it009@gmail.com,9300040009,2006-03-10,ITFA1,4,IT
24IT010,pass1234,Student_24IT010,2024,24it010@university.edu,24it010@gmail.com,9300040010,2006-04-11,ITFA2,4,IT
24IT011,pass1234,Student_24IT011,2024,24it011@university.edu,24it011@gmail.com,9300040011,2006-05-12,ITFA3,4,IT
24IT012,pass1234,Student_24IT012,2024,24it012@university.edu,24it012@gmail.com,9300040012,2006-06-13,ITFA4,4,IT
24IT013,pass1234,Student_24IT013,2024,24it013@university.edu,24it013@gmail.com,9300040013,2006-07-14,ITFA1,4,IT
24IT014,pass1234,Student_24IT014,2024,24it014@university.edu,24it014@gmail.com,9300040014,2006-08-15,ITFA2,4,IT
24IT015,pass1234,Student_24IT015,2024,24it015@university.edu,24it015@gmail.com,9300040015,2006-09-16,ITFA3,4,IT
24IT016,pass1234,Student_24IT016,2024,24it016@university.edu,24it016@gmail.com,9300040016,2006-10-17,ITFA4,4,IT
24IT017,pass1234,Student_24IT017,2024,24it017@university.edu,24it017@gmail.com,9300040017,2006-11-18,ITFA1,4,IT
24IT018,pass1234,Student_24IT018,2024,24it018@university.edu,24it018@gmail.com,9300040018,2006-12-19,ITFA2,4,IT
24IT019,pass1234,Student_24IT019,2024,24it019@university.edu,24it019@gmail.com,9300040019,2006-01-20,ITFA3,4,IT
24IT020,pass1234,Student_24IT020,2024,24it020@university.edu,24it020@gmail.com,9300040020,2006-02-21,ITFA4,4,IT
24IT021,pass1234,Student_24IT021,2024,24it021@university.edu,24it021@gmail.com,9300040021,2006-03-22,ITFA1,4,IT
24IT022,pass1234,Student_24IT022,2024,24it022@university.edu,24it022@gmail.com,9300040022,2006-04-23,ITFA2,4,IT
24IT023,pass1234,Student_24IT023,2024,24it023@university.edu,24it023@gmail.com,9300040023,2006-05-24,ITFA3,4,IT
24IT024,pass1234,Student_24IT024,2024,24it024@university.edu,24it024@gmail.com,9300040024,2006-06-25,ITFA4,4,IT
24IT025,pass1234,Student_24IT025,2024,24it025@university.edu,24it025@gmail.com,9300040025,2006-07-26,ITFA1,4,IT
24IT026,pass1234,Student_24IT026,2024,24it026@university.edu,24it026@gmail.com,9300040026,2006-08-27,ITFA2,4,IT
24IT027,pass1234,Student_24IT027,2024,24it027@university.edu,24it027@gmail.com,9300040027,2006-09-28,ITFA3,4,IT
24IT028,pass1234,Student_24IT028,2024,24it028@university.edu,24it028@gmail.com,9300040028,2006-10-01,ITFA4,4,IT
24IT029,pass1234,Student_24IT029,2024,24it029@university.edu,24it029@gmail.com,9300040029,2006-11-02,ITFA1,4,IT
24IT030,pass1234,Student_24IT030,2024,24it030@university.edu,24it030@gmail.com,9300040030,2006-12-03,ITFA2,4,IT
24IT031,pass1234,Student_24IT031,2024,24it031@university.edu,24it031@gmail.com,9300040031,2006-01-04,ITFA3,4,IT
24IT032,pass1234,Student_24IT032,2024,24it032@university.edu,24it032@gmail.com,9300040032,2006-02-05,ITFA4,4,IT
24IT033,pass1234,Student_24IT033,2024,24it033@university.edu,24it033@gmail.com,9300040033,2006-03-06,ITFA1,4,IT
24IT034,pass1234,Student_24IT034,2024,24it034@university.edu,24it034@gmail.com,9300040034,2006-04-07,ITFA2,4,IT
24IT035,pass1234,Student_24IT035,2024,24it035@university.edu,24it035@gmail.com,9300040035,2006-05-08,ITFA3,4,IT
24IT036,pass1234,Student_24IT036,2024,24it036@university.edu,24it036@gmail.com,9300040036,2006-06-09,ITFA4,4,IT
24IT037,pass1234,Student_24IT037,2024,24it037@university.edu,24it037@gmail.com,9300040037,2006-07-10,ITFA1,4,IT
24IT038,pass1234,Student_24IT038,2024,24it038@university.edu,24it038@gmail.com,9300040038,2006-08-11,ITFA2,4,IT
24IT039,pass1234,Student_24IT039,2024,24it039@university.edu,24it039@gmail.com,9300040039,2006-09-12,ITFA3,4,IT
24IT040,pass1234,Student_24IT040,2024,24it040@university.edu,24it040@gmail.com,9300040040,2006-10-13,ITFA4,4,IT
24IT041,pass1234,Student_24IT041,2024,24it041@university.edu,24it041@gmail.com,9300040041,2006-11-14,ITFA1,4,IT
24IT042,pass1234,Student_24IT042,2024,24it042@university.edu,24it042@gmail.com,9300040042,2006-12-15,ITFA2,4,IT
24IT043,pass1234,Student_24IT043,2024,24it043@university.edu,24it043@gmail.com,9300040043,2006-01-16,ITFA3,4,IT
24IT044,pass1234,Student_24IT044,2024,24it044@university.edu,24it044@gmail.com,9300040044,2006-02-17,ITFA4,4,IT
24IT045,pass1234,Student_24IT045,2024,24it045@university.edu,24it045@gmail.com,9300040045,2006-03-18,ITFA1,4,IT
24IT046,pass1234,Student_24IT046,2024,24it046@university.edu,24it046@gmail.com,9300040046,2006-04-19,ITFA2,4,IT
24IT047,pass1234,Student_24IT047,2024,24it047@university.edu,24it047@gmail.com,9300040047,2006-05-20,ITFA3,4,IT
24IT048,pass1234,Student_24IT048,2024,24it048@university.edu,24it048@gmail.com,9300040048,2006-06-21,ITFA4,4,IT
24IT049,pass1234,Student_24IT049,2024,24it049@university.edu,24it049@gmail.com,9300040049,2006-07-22,ITFA1,4,IT
24IT050,pass1234,Student_24IT050,2024,24it050@university.edu,24it050@gmail.com,9300040050,2006-08-23,ITFA2,4,IT
24IT051,pass1234,Student_24IT051,2024,24it051@university.edu,24it051@gmail.com,9300040051,2006-09-24,ITFA3,4,IT
24IT052,pass1234,Student_24IT052,2024,24it052@university.edu,24it052@gmail.com,9300040052,2006-10-25,ITFA4,4,IT
24IT053,pass1234,Student_24IT053,2024,24it053@university.edu,24it053@gmail.com,9300040053,2006-11-26,ITFA1,4,IT
24IT054,pass1234,Student_24IT054,2024,24it054@university.edu,24it054@gmail.com,9300040054,2006-12-27,ITFA2,4,IT
24IT055,pass1234,Student_24IT055,2024,24it055@university.edu,24it055@gmail.com,9300040055,2006-01-28,ITFA3,4,IT
24IT056,pass1234,Student_24IT056,2024,24it056@university.edu,24it056@gmail.com,9300040056,2006-02-01,ITFA4,4,IT
24IT057,pass1234,Student_24IT057,2024,24it057@university.edu,24it057@gmail.com,9300040057,2006-03-02,ITFA1,4,IT
24IT058,pass1234,Student_24IT058,2024,24it058@university.edu,24it058@gmail.com,9300040058,2006-04-03,ITFA2,4,IT
24IT059,pass1234,Student_24IT059,2024,24it059@university.edu,24it059@gmail.com,9300040059,2006-05-04,ITFA3,4,IT
24IT060,pass1234,Student_24IT060,2024,24it060@university.edu,24it060@gmail.com,9300040060,2006-06-05,ITFA4,4,IT
24IT061,pass1234,Student_24IT061,2024,24it061@university.edu,24it061@gmail.com,9300040061,2006-07-06,ITFA1,4,IT
24IT062,pass1234,Student_24IT062,2024,24it062@university.edu,24it062@gmail.com,9300040062,2006-08-07,ITFA2,4,IT
24IT063,pass1234,Student_24IT063,2024,24it063@university.edu,24it063@gmail.com,9300040063,2006-09-08,ITFA3,4,IT
24IT064,pass1234,Student_24IT064,2024,24it064@university.edu,24it064@gmail.com,9300040064,2006-10-09,ITFA4,4,IT
24IT065,pass1234,Student_24IT065,2024,24it065@university.edu,24it065@gmail.com,9300040065,2006-11-10,ITFA1,4,IT
24IT066,pass1234,Student_24IT066,2024,24it066@university.edu,24it066@gmail.com,9300040066,2006-12-11,ITFA2,4,IT
24IT067,pass1234,Student_24IT067,2024,24it067@university.edu,24it067@gmail.com,9300040067,2006-01-12,ITFA3,4,IT
24IT068,pass1234,Student_24IT068,2024,24it068@university.edu,24it068@gmail.com,9300040068,2006-02-13,ITFA4,4,IT
24IT069,pass1234,Student_24IT069,2024,24it069@university.edu,24it069@gmail.com,9300040069,2006-03-14,ITFA1,4,IT
24IT070,pass1234,Student_24IT070,2024,24it070@university.edu,24it070@gmail.com,9300040070,2006-04-15,ITFA2,4,IT
24IT071,pass1234,Student_24IT071,2024,24it071@university.edu,24it071@gmail.com,9300040071,2006-05-16,ITFA3,4,IT
24IT072,pass1234,Student_24IT072,2024,24it072@university.edu,24it072@gmail.com,9300040072,2006-06-17,ITFA4,4,IT
24IT073,pass1234,Student_24IT073,2024,24it073@university.edu,24it073@gmail.com,9300040073,2006-07-18,ITFA1,4,IT
24IT074,pass1234,Student_24IT074,2024,24it074@university.edu,24it074@gmail.com,9300040074,2006-08-19,ITFA2,4,IT
24IT075,pass1234,Student_24IT075,2024,24it075@university.edu,24it075@gmail.com,9300040075,2006-09-20,ITFA3,4,IT
24IT076,pass1234,Student_24IT076,2024,24it076@university.edu,24it076@gmail.com,9300040076,2006-10-21,ITFA4,4,IT
24IT077,pass1234,Student_24IT077,2024,24it077@university.edu,24it077@gmail.com,9300040077,2006-11-22,ITFA1,4,IT
24IT078,pass1234,Student_24IT078,2024,24it078@university.edu,24it078@gmail.com,9300040078,2006-12-23,ITFA2,4,IT
24IT079,pass1234,Student_24IT079,2024,24it079@university.edu,24it079@gmail.com,9300040079,2006-01-24,ITFA3,4,IT
24IT080,pass1234,Student_24IT080,2024,24it080@university.edu,24it080@gmail.com,9300040080,2006-02-25,ITFA4,4,IT
24EC001,pass1234,Student_24EC001,2024,24ec001@university.edu,24ec001@gmail.com,9300040001,2006-07-02,ECFA1,4,ECE
24EC002,pass1234,Student_24EC002,2024,24ec002@university.edu,24ec002@gmail.com,9300040002,2006-08-03,ECFA2,4,ECE
24EC003,pass1234,Student_24EC003,2024,24ec003@university.edu,24ec003@gmail.com,9300040003,2006-09-04,ECFA3,4,ECE
24EC004,pass1234,Student_24EC004,2024,24ec004@university.edu,24ec004@gmail.com,9300040004,2006-10-05,ECFA4,4,ECE
24EC005,pass1234,Student_24EC005,2024,24ec005@university.edu,24ec005@gmail.com,9300040005,2006-11-06,ECFA1,4,ECE
24EC006,pass1234,Student_24EC006,2024,24ec006@university.edu,24ec006@gmail.com,9300040006,2006-12-07,ECFA2,4,ECE
24EC007,pass1234,Student_24EC007,2024,24ec007@university.edu,24ec007@gmail.com,9300040007,2006-01-08,ECFA3,4,ECE
24EC008,pass1234,Student_24EC008,2024,24ec008@university.edu,24ec008@gmail.com,9300040008,2006-02-09,ECFA4,4,ECE
24EC009,pass1234,Student_24EC009,2024,24ec009@university.edu,24ec009@gmail.com,9300040009,2006-03-10,ECFA1,4,ECE
24EC010,pass1234,Student_24EC010,2024,24ec010@university.edu,24ec010@gmail.com,9300040010,2006-04-11,ECFA2,4,ECE
24EC011,pass1234,Student_24EC011,2024,24ec011@university.edu,24ec011@gmail.com,9300040011,2006-05-12,ECFA3,4,ECE
24EC012,pass1234,Student_24EC012,2024,24ec012@university.edu,24ec012@gmail.com,9300040012,2006-06-13,ECFA4,4,ECE
24EC013,pass1234,Student_24EC013,2024,24ec013@university.edu,24ec013@gmail.com,9300040013,2006-07-14,ECFA1,4,ECE
24EC014,pass1234,Student_24EC014,2024,24ec014@university.edu,24ec014@gmail.com,9300040014,2006-08-15,ECFA2,4,ECE
24EC015,pass1234,Student_24EC015,2024,24ec015@university.edu,24ec015@gmail.com,9300040015,2006-09-16,ECFA3,4,ECE
24EC016,pass1234,Student_24EC016,2024,24ec016@university.edu,24ec016@gmail.com,9300040016,2006-10-17,ECFA4,4,ECE
24EC017,pass1234,Student_24EC017,2024,24ec017@university.edu,24ec017@gmail.com,9300040017,2006-11-18,ECFA1,4,ECE
24EC018,pass1234,Student_24EC018,2024,24ec018@university.edu,24ec018@gmail.com,9300040018,2006-12-19,ECFA2,4,ECE
24EC019,pass1234,Student_24EC019,2024,24ec019@university.edu,24ec019@gmail.com,9300040019,2006-01-20,ECFA3,4,ECE
24EC020,pass1234,Student_24EC020,2024,24ec020@university.edu,24ec020@gmail.com,9300040020,2006-02-21,ECFA4,4,ECE
24EC021,pass1234,Student_24EC021,2024,24ec021@university.edu,24ec021@gmail.com,9300040021,2006-03-22,ECFA1,4,ECE
24EC022,pass1234,Student_24EC022,2024,24ec022@university.edu,24ec022@gmail.com,9300040022,2006-04-23,ECFA2,4,ECE
24EC023,pass1234,Student_24EC023,2024,24ec023@university.edu,24ec023@gmail.com,9300040023,2006-05-24,ECFA3,4,ECE
24EC024,pass1234,Student_24EC024,2024,24ec024@university.edu,24ec024@gmail.com,9300040024,2006-06-25,ECFA4,4,ECE
24EC025,pass1234,Student_24EC025,2024,24ec025@university.edu,24ec025@gmail.com,9300040025,2006-07-26,ECFA1,4,ECE
24EC026,pass1234,Student_24EC026,2024,24ec026@university.edu,24ec026@gmail.com,9300040026,2006-08-27,ECFA2,4,ECE
24EC027,pass1234,Student_24EC027,2024,24ec027@university.edu,24ec027@gmail.com,9300040027,2006-09-28,ECFA3,4,ECE
24EC028,pass1234,Student_24EC028,2024,24ec028@university.edu,24ec028@gmail.com,9300040028,2006-10-01,ECFA4,4,ECE
24EC029,pass1234,Student_24EC029,2024,24ec029@university.edu,24ec029@gmail.com,9300040029,2006-11-02,ECFA1,4,ECE
24EC030,pass1234,Student_24EC030,2024,24ec030@university.edu,24ec030@gmail.com,9300040030,2006-12-03,ECFA2,4,ECE
24EC031,pass1234,Student_24EC031,2024,24ec031@university.edu,24ec031@gmail.com,9300040031,2006-01-04,ECFA3,4,ECE
24EC032,pass1234,Student_24EC032,2024,24ec032@university.edu,24ec032@gmail.com,9300040032,2006-02-05,ECFA4,4,ECE
24EC033,pass1234,Student_24EC033,2024,24ec033@university.edu,24ec033@gmail.com,9300040033,2006-03-06,ECFA1,4,ECE
24EC034,pass1234,Student_24EC034,2024,24ec034@university.edu,24ec034@gmail.com,9300040034,2006-04-07,ECFA2,4,ECE
24EC035,pass1234,Student_24EC035,2024,24ec035@university.edu,24ec035@gmail.com,9300040035,2006-05-08,ECFA3,4,ECE
24EC036,pass1234,Student_24EC036,2024,24ec036@university.edu,24ec036@gmail.com,9300040036,2006-06-09,ECFA4,4,ECE
24EC037,pass1234,Student_24EC037,2024,24ec037@university.edu,24ec037@gmail.com,9300040037,2006-07-10,ECFA1,4,ECE
24EC038,pass1234,Student_24EC038,2024,24ec038@university.edu,24ec038@gmail.com,9300040038,2006-08-11,ECFA2,4,ECE
24EC039,pass1234,Student_24EC039,2024,24ec039@university.edu,24ec039@gmail.com,9300040039,2006-09-12,ECFA3,4,ECE
24EC040,pass1234,Student_24EC040,2024,24ec040@university.edu,24ec040@gmail.com,9300040040,2006-10-13,ECFA4,4,ECE
24EC041,pass1234,Student_24EC041,2024,24ec041@university.edu,24ec041@gmail.com,9300040041,2006-11-14,ECFA1,4,ECE
24EC042,pass1234,Student_24EC042,2024,24ec042@university.edu,24ec042@gmail.com,9300040042,2006-12-15,ECFA2,4,ECE
24EC043,pass1234,Student_24EC043,2024,24ec043@university.edu,24ec043@gmail.com,9300040043,2006-01-16,ECFA3,4,ECE
24EC044,pass1234,Student_24EC044,2024,24ec044@university.edu,24ec044@gmail.com,9300040044,2006-02-17,ECFA4,4,ECE
24EC045,pass1234,Student_24EC045,2024,24ec045@university.edu,24ec045@gmail.com,9300040045,2006-03-18,ECFA1,4,ECE
24EC046,pass1234,Student_24EC046,2024,24ec046@university.edu,24ec046@gmail.com,9300040046,2006-04-19,ECFA2,4,ECE
24EC047,pass1234,Student_24EC047,2024,24ec047@university.edu,24ec047@gmail.com,9300040047,2006-05-20,ECFA3,4,ECE
24EC048,pass1234,Student_24EC048,2024,24ec048@university.edu,24ec048@gmail.com,9300040048,2006-06-21,ECFA4,4,ECE
24EC049,pass1234,Student_24EC049,2024,24ec049@university.edu,24ec049@gmail.com,9300040049,2006-07-22,ECFA1,4,ECE
24EC050,pass1234,Student_24EC050,2024,24ec050@university.edu,24ec050@gmail.com,9300040050,2006-08-23,ECFA2,4,ECE
24EC051,pass1234,Student_24EC051,2024,24ec051@university.edu,24ec051@gmail.com,9300040051,2006-09-24,ECFA3,4,ECE
24EC052,pass1234,Student_24EC052,2024,24ec052@university.edu,24ec052@gmail.com,9300040052,2006-10-25,ECFA4,4,ECE
24EC053,pass1234,Student_24EC053,2024,24ec053@university.edu,24ec053@gmail.com,9300040053,2006-11-26,ECFA1,4,ECE
24EC054,pass1234,Student_24EC054,2024,24ec054@university.edu,24ec054@gmail.com,9300040054,2006-12-27,ECFA2,4,ECE
24EC055,pass1234,Student_24EC055,2024,24ec055@university.edu,24ec055@gmail.com,9300040055,2006-01-28,ECFA3,4,ECE
24EC056,pass1234,Student_24EC056,2024,24ec056@university.edu,24ec056@gmail.com,9300040056,2006-02-01,ECFA4,4,ECE
24EC057,pass1234,Student_24EC057,2024,24ec057@university.edu,24ec057@gmail.com,9300040057,2006-03-02,ECFA1,4,ECE
24EC058,pass1234,Student_24EC058,2024,24ec058@university.edu,24ec058@gmail.com,9300040058,2006-04-03,ECFA2,4,ECE
24EC059,pass1234,Student_24EC059,2024,24ec059@university.edu,24ec059@gmail.com,9300040059,2006-05-04,ECFA3,4,ECE
24EC060,pass1234,Student_24EC060,2024,24ec060@university.edu,24ec060@gmail.com,9300040060,2006-06-05,ECFA4,4,ECE
24EC061,pass1234,Student_24EC061,2024,24ec061@university.edu,24ec061@gmail.com,9300040061,2006-07-06,ECFA1,4,ECE
24EC062,pass1234,Student_24EC062,2024,24ec062@university.edu,24ec062@gmail.com,9300040062,2006-08-07,ECFA2,4,ECE
24EC063,pass1234,Student_24EC063,2024,24ec063@university.edu,24ec063@gmail.com,9300040063,2006-09-08,ECFA3,4,ECE
24EC064,pass1234,Student_24EC064,2024,24ec064@university.edu,24ec064@gmail.com,9300040064,2006-10-09,ECFA4,4,ECE
24EC065,pass1234,Student_24EC065,2024,24ec065@university.edu,24ec065@gmail.com,9300040065,2006-11-10,ECFA1,4,ECE
24EC066,pass1234,Student_24EC066,2024,24ec066@university.edu,24ec066@gmail.com,9300040066,2006-12-11,ECFA2,4,ECE
24EC067,pass1234,Student_24EC067,2024,24ec067@university.edu,24ec067@gmail.com,9300040067,2006-01-12,ECFA3,4,ECE
24EC068,pass1234,Student_24EC068,2024,24ec068@university.edu,24ec068@gmail.com,9300040068,2006-02-13,ECFA4,4,ECE
24EC069,pass1234,Student_24EC069,2024,24ec069@university.edu,24ec069@gmail.com,9300040069,2006-03-14,ECFA1,4,ECE
24EC070,pass1234,Student_24EC070,2024,24ec070@university.edu,24ec070@gmail.com,9300040070,2006-04-15,ECFA2,4,ECE
24EC071,pass1234,Student_24EC071,2024,24ec071@university.edu,24ec071@gmail.com,9300040071,2006-05-16,ECFA3,4,ECE
24EC072,pass1234,Student_24EC072,2024,24ec072@university.edu,24ec072@gmail.com,9300040072,2006-06-17,ECFA4,4,ECE
24EC073,pass1234,Student_24EC073,2024,24ec073@university.edu,24ec073@gmail.com,9300040073,2006-07-18,ECFA1,4,ECE
24EC074,pass1234,Student_24EC074,2024,24ec074@university.edu,24ec074@gmail.com,9300040074,2006-08-19,ECFA2,4,ECE
24EC075,pass1234,Student_24EC075,2024,24ec075@university.edu,24ec075@gmail.com,9300040075,2006-09-20,ECFA3,4,ECE
24EC076,pass1234,Student_24EC076,2024,24ec076@university.edu,24ec076@gmail.com,9300040076,2006-10-21,ECFA4,4,ECE
24EC077,pass1234,Student_24EC077,2024,24ec077@university.edu,24ec077@gmail.com,9300040077,2006-11-22,ECFA1,4,ECE
24EC078,pass1234,Student_24EC078,2024,24ec078@university.edu,24ec078@gmail.com,9300040078,2006-12-23,ECFA2,4,ECE
24EC079,pass1234,Student_24EC079,2024,24ec079@university.edu,24ec079@gmail.com,9300040079,2006-01-24,ECFA3,4,ECE
24EC080,pass1234,Student_24EC080,2024,24ec080@university.edu,24ec080@gmail.com,9300040080,2006-02-25,ECFA4,4,ECE
24ME001,pass1234,Student_24ME001,2024,24me001@university.edu,24me001@gmail.com,9300040001,2006-07-02,MEFA1,4,ME
24ME002,pass1234,Student_24ME002,2024,24me002@university.edu,24me002@gmail.com,9300040002,2006-08-03,MEFA2,4,ME
24ME003,pass1234,Student_24ME003,2024,24me003@university.edu,24me003@gmail.com,9300040003,2006-09-04,MEFA3,4,ME
24ME004,pass1234,Student_24ME004,2024,24me004@university.edu,24me004@gmail.com,9300040004,2006-10-05,MEFA4,4,ME
24ME005,pass1234,Student_24ME005,2024,24me005@university.edu,24me005@gmail.com,9300040005,2006-11-06,MEFA1,4,ME
24ME006,pass1234,Student_24ME006,2024,24me006@university.edu,24me006@gmail.com,9300040006,2006-12-07,MEFA2,4,ME
24ME007,pass1234,Student_24ME007,2024,24me007@university.edu,24me007@gmail.com,9300040007,2006-01-08,MEFA3,4,ME
24ME008,pass1234,Student_24ME008,2024,24me008@university.edu,24me008@gmail.com,9300040008,2006-02-09,MEFA4,4,ME
24ME009,pass1234,Student_24ME009,2024,24me009@university.edu,24me009@gmail.com,9300040009,2006-03-10,MEFA1,4,ME
24ME010,pass1234,Student_24ME010,2024,24me010@university.edu,24me010@gmail.com,9300040010,2006-04-11,MEFA2,4,ME
24ME011,pass1234,Student_24ME011,2024,24me011@university.edu,24me011@gmail.com,9300040011,2006-05-12,MEFA3,4,ME
24ME012,pass1234,Student_24ME012,2024,24me012@university.edu,24me012@gmail.com,9300040012,2006-06-13,MEFA4,4,ME
24ME013,pass1234,Student_24ME013,2024,24me013@university.edu,24me013@gmail.com,9300040013,2006-07-14,MEFA1,4,ME
24ME014,pass1234,Student_24ME014,2024,24me014@university.edu,24me014@gmail.com,9300040014,2006-08-15,MEFA2,4,ME
24ME015,pass1234,Student_24ME015,2024,24me015@university.edu,24me015@gmail.com,9300040015,2006-09-16,MEFA3,4,ME
24ME016,pass1234,Student_24ME016,2024,24me016@university.edu,24me016@gmail.com,9300040016,2006-10-17,MEFA4,4,ME
24ME017,pass1234,Student_24ME017,2024,24me017@university.edu,24me017@gmail.com,9300040017,2006-11-18,MEFA1,4,ME
24ME018,pass1234,Student_24ME018,2024,24me018@university.edu,24me018@gmail.com,9300040018,2006-12-19,MEFA2,4,ME
24ME019,pass1234,Student_24ME019,2024,24me019@university.edu,24me019@gmail.com,9300040019,2006-01-20,MEFA3,4,ME
24ME020,pass1234,Student_24ME020,2024,24me020@university.edu,24me020@gmail.com,9300040020,2006-02-21,MEFA4,4,ME
24ME021,pass1234,Student_24ME021,2024,24me021@university.edu,24me021@gmail.com,9300040021,2006-03-22,MEFA1,4,ME
24ME022,pass1234,Student_24ME022,2024,24me022@university.edu,24me022@gmail.com,9300040022,2006-04-23,MEFA2,4,ME
24ME023,pass1234,Student_24ME023,2024,24me023@university.edu,24me023@gmail.com,9300040023,2006-05-24,MEFA3,4,ME
24ME024,pass1234,Student_24ME024,2024,24me024@university.edu,24me024@gmail.com,9300040024,2006-06-25,MEFA4,4,ME
24ME025,pass1234,Student_24ME025,2024,24me025@university.edu,24me025@gmail.com,9300040025,2006-07-26,MEFA1,4,ME
24ME026,pass1234,Student_24ME026,2024,24me026@university.edu,24me026@gmail.com,9300040026,2006-08-27,MEFA2,4,ME
24ME027,pass1234,Student_24ME027,2024,24me027@university.edu,24me027@gmail.com,9300040027,2006-09-28,MEFA3,4,ME
24ME028,pass1234,Student_24ME028,2024,24me028@university.edu,24me028@gmail.com,9300040028,2006-10-01,MEFA4,4,ME
24ME029,pass1234,Student_24ME029,2024,24me029@university.edu,24me029@gmail.com,9300040029,2006-11-02,MEFA1,4,ME
24ME030,pass1234,Student_24ME030,2024,24me030@university.edu,24me030@gmail.com,9300040030,2006-12-03,MEFA2,4,ME
24ME031,pass1234,Student_24ME031,2024,24me031@university.edu,24me031@gmail.com,9300040031,2006-01-04,MEFA3,4,ME
24ME032,pass1234,Student_24ME032,2024,24me032@university.edu,24me032@gmail.com,9300040032,2006-02-05,MEFA4,4,ME
24ME033,pass1234,Student_24ME033,2024,24me033@university.edu,24me033@gmail.com,9300040033,2006-03-06,MEFA1,4,ME
24ME034,pass1234,Student_24ME034,2024,24me034@university.edu,24me034@gmail.com,9300040034,2006-04-07,MEFA2,4,ME
24ME035,pass1234,Student_24ME035,2024,24me035@university.edu,24me035@gmail.com,9300040035,2006-05-08,MEFA3,4,ME
24ME036,pass1234,Student_24ME036,2024,24me036@university.edu,24me036@gmail.com,9300040036,2006-06-09,MEFA4,4,ME
24ME037,pass1234,Student_24ME037,2024,24me037@university.edu,24me037@gmail.com,9300040037,2006-07-10,MEFA1,4,ME
24ME038,pass1234,Student_24ME038,2024,24me038@university.edu,24me038@gmail.com,9300040038,2006-08-11,MEFA2,4,ME
24ME039,pass1234,Student_24ME039,2024,24me039@university.edu,24me039@gmail.com,9300040039,2006-09-12,MEFA3,4,ME
24ME040,pass1234,Student_24ME040,2024,24me040@university.edu,24me040@gmail.com,9300040040,2006-10-13,MEFA4,4,ME
24ME041,pass1234,Student_24ME041,2024,24me041@university.edu,24me041@gmail.com,9300040041,2006-11-14,MEFA1,4,ME
24ME042,pass1234,Student_24ME042,2024,24me042@university.edu,24me042@gmail.com,9300040042,2006-12-15,MEFA2,4,ME
24ME043,pass1234,Student_24ME043,2024,24me043@university.edu,24me043@gmail.com,9300040043,2006-01-16,MEFA3,4,ME
24ME044,pass1234,Student_24ME044,2024,24me044@university.edu,24me044@gmail.com,9300040044,2006-02-17,MEFA4,4,ME
24ME045,pass1234,Student_24ME045,2024,24me045@university.edu,24me045@gmail.com,9300040045,2006-03-18,MEFA1,4,ME
24ME046,pass1234,Student_24ME046,2024,24me046@university.edu,24me046@gmail.com,9300040046,2006-04-19,MEFA2,4,ME
24ME047,pass1234,Student_24ME047,2024,24me047@university.edu,24me047@gmail.com,9300040047,2006-05-20,MEFA3,4,ME
24ME048,pass1234,Student_24ME048,2024,24me048@university.edu,24me048@gmail.com,9300040048,2006-06-21,MEFA4,4,ME
24ME049,pass1234,Student_24ME049,2024,24me049@university.edu,24me049@gmail.com,9300040049,2006-07-22,MEFA1,4,ME
24ME050,pass1234,Student_24ME050,2024,24me050@university.edu,24me050@gmail.com,9300040050,2006-08-23,MEFA2,4,ME
24ME051,pass1234,Student_24ME051,2024,24me051@university.edu,24me051@gmail.com,9300040051,2006-09-24,MEFA3,4,ME
24ME052,pass1234,Student_24ME052,2024,24me052@university.edu,24me052@gmail.com,9300040052,2006-10-25,MEFA4,4,ME
24ME053,pass1234,Student_24ME053,2024,24me053@university.edu,24me053@gmail.com,9300040053,2006-11-26,MEFA1,4,ME
24ME054,pass1234,Student_24ME054,2024,24me054@university.edu,24me054@gmail.com,9300040054,2006-12-27,MEFA2,4,ME
24ME055,pass1234,Student_24ME055,2024,24me055@university.edu,24me055@gmail.com,9300040055,2006-01-28,MEFA3,4,ME
24ME056,pass1234,Student_24ME056,2024,24me056@university.edu,24me056@gmail.com,9300040056,2006-02-01,MEFA4,4,ME
24ME057,pass1234,Student_24ME057,2024,24me057@university.edu,24me057@gmail.com,9300040057,2006-03-02,MEFA1,4,ME
24ME058,pass1234,Student_24ME058,2024,24me058@university.edu,24me058@gmail.com,9300040058,2006-04-03,MEFA2,4,ME
24ME059,pass1234,Student_24ME059,2024,24me059@university.edu,24me059@gmail.com,9300040059,2006-05-04,MEFA3,4,ME
24ME060,pass1234,Student_24ME060,2024,24me060@university.edu,24me060@gmail.com,9300040060,2006-06-05,MEFA4,4,ME
24ME061,pass1234,Student_24ME061,2024,24me061@university.edu,24me061@gmail.com,9300040061,2006-07-06,MEFA1,4,ME
24ME062,pass1234,Student_24ME062,2024,24me062@university.edu,24me062@gmail.com,9300040062,2006-08-07,MEFA2,4,ME
24ME063,pass1234,Student_24ME063,2024,24me063@university.edu,24me063@gmail.com,9300040063,2006-09-08,MEFA3,4,ME
24ME064,pass1234,Student_24ME064,2024,24me064@university.edu,24me064@gmail.com,9300040064,2006-10-09,MEFA4,4,ME
24ME065,pass1234,Student_24ME065,2024,24me065@university.edu,24me065@gmail.com,9300040065,2006-11-10,MEFA1,4,ME
24ME066,pass1234,Student_24ME066,2024,24me066@university.edu,24me066@gmail.com,9300040066,2006-12-11,MEFA2,4,ME
24ME067,pass1234,Student_24ME067,2024,24me067@university.edu,24me067@gmail.com,9300040067,2006-01-12,MEFA3,4,ME
24ME068,pass1234,Student_24ME068,2024,24me068@university.edu,24me068@gmail.com,9300040068,2006-02-13,MEFA4,4,ME
24ME069,pass1234,Student_24ME069,2024,24me069@university.edu,24me069@gmail.com,9300040069,2006-03-14,MEFA1,4,ME
24ME070,pass1234,Student_24ME070,2024,24me070@university.edu,24me070@gmail.com,9300040070,2006-04-15,MEFA2,4,ME
24ME071,pass1234,Student_24ME071,2024,24me071@university.edu,24me071@gmail.com,9300040071,2006-05-16,MEFA3,4,ME
24ME072,pass1234,Student_24ME072,2024,24me072@university.edu,24me072@gmail.com,9300040072,2006-06-17,MEFA4,4,ME
24ME073,pass1234,Student_24ME073,2024,24me073@university.edu,24me073@gmail.com,9300040073,2006-07-18,MEFA1,4,ME
24ME074,pass1234,Student_24ME074,2024,24me074@university.edu,24me074@gmail.com,9300040074,2006-08-19,MEFA2,4,ME
24ME075,pass1234,Student_24ME075,2024,24me075@university.edu,24me075@gmail.com,9300040075,2006-09-20,MEFA3,4,ME
24ME076,pass1234,Student_24ME076,2024,24me076@university.edu,24me076@gmail.com,9300040076,2006-10-21,MEFA4,4,ME
24ME077,pass1234,Student_24ME077,2024,24me077@university.edu,24me077@gmail.com,9300040077,2006-11-22,MEFA1,4,ME
24ME078,pass1234,Student_24ME078,2024,24me078@university.edu,24me078@gmail.com,9300040078,2006-12-23,MEFA2,4,ME
24ME079,pass1234,Student_24ME079,2024,24me079@university.edu,24me079@gmail.com,9300040079,2006-01-24,MEFA3,4,ME
24ME080,pass1234,Student_24ME080,2024,24me080@university.edu,24me080@gmail.com,9300040080,2006-02-25,MEFA4,4,ME
24CE001,pass1234,Student_24CE001,2024,24ce001@university.edu,24ce001@gmail.com,9300040001,2006-07-02,CEFA1,4,CE
24CE002,pass1234,Student_24CE002,2024,24ce002@university.edu,24ce002@gmail.com,9300040002,2006-08-03,CEFA2,4,CE
24CE003,pass1234,Student_24CE003,2024,24ce003@university.edu,24ce003@gmail.com,9300040003,2006-09-04,CEFA3,4,CE
24CE004,pass1234,Student_24CE004,2024,24ce004@university.edu,24ce004@gmail.com,9300040004,2006-10-05,CEFA4,4,CE
24CE005,pass1234,Student_24CE005,2024,24ce005@university.edu,24ce005@gmail.com,9300040005,2006-11-06,CEFA1,4,CE
24CE006,pass1234,Student_24CE006,2024,24ce006@university.edu,24ce006@gmail.com,9300040006,2006-12-07,CEFA2,4,CE
24CE007,pass1234,Student_24CE007,2024,24ce007@university.edu,24ce007@gmail.com,9300040007,2006-01-08,CEFA3,4,CE
24CE008,pass1234,Student_24CE008,2024,24ce008@university.edu,24ce008@gmail.com,9300040008,2006-02-09,CEFA4,4,CE
24CE009,pass1234,Student_24CE009,2024,24ce009@university.edu,24ce009@gmail.com,9300040009,2006-03-10,CEFA1,4,CE
24CE010,pass1234,Student_24CE010,2024,24ce010@university.edu,24ce010@gmail.com,9300040010,2006-04-11,CEFA2,4,CE
24CE011,pass1234,Student_24CE011,2024,24ce011@university.edu,24ce011@gmail.com,9300040011,2006-05-12,CEFA3,4,CE
24CE012,pass1234,Student_24CE012,2024,24ce012@university.edu,24ce012@gmail.com,9300040012,2006-06-13,CEFA4,4,CE
24CE013,pass1234,Student_24CE013,2024,24ce013@university.edu,24ce013@gmail.com,9300040013,2006-07-14,CEFA1,4,CE
24CE014,pass1234,Student_24CE014,2024,24ce014@university.edu,24ce014@gmail.com,9300040014,2006-08-15,CEFA2,4,CE
24CE015,pass1234,Student_24CE015,2024,24ce015@university.edu,24ce015@gmail.com,9300040015,2006-09-16,CEFA3,4,CE
24CE016,pass1234,Student_24CE016,2024,24ce016@university.edu,24ce016@gmail.com,9300040016,2006-10-17,CEFA4,4,CE
24CE017,pass1234,Student_24CE017,2024,24ce017@university.edu,24ce017@gmail.com,9300040017,2006-11-18,CEFA1,4,CE
24CE018,pass1234,Student_24CE018,2024,24ce018@university.edu,24ce018@gmail.com,9300040018,2006-12-19,CEFA2,4,CE
24CE019,pass1234,Student_24CE019,2024,24ce019@university.edu,24ce019@gmail.com,9300040019,2006-01-20,CEFA3,4,CE
24CE020,pass1234,Student_24CE020,2024,24ce020@university.edu,24ce020@gmail.com,9300040020,2006-02-21,CEFA4,4,CE
24CE021,pass1234,Student_24CE021,2024,24ce021@university.edu,24ce021@gmail.com,9300040021,2006-03-22,CEFA1,4,CE
24CE022,pass1234,Student_24CE022,2024,24ce022@university.edu,24ce022@gmail.com,9300040022,2006-04-23,CEFA2,4,CE
24CE023,pass1234,Student_24CE023,2024,24ce023@university.edu,24ce023@gmail.com,9300040023,2006-05-24,CEFA3,4,CE
24CE024,pass1234,Student_24CE024,2024,24ce024@university.edu,24ce024@gmail.com,9300040024,2006-06-25,CEFA4,4,CE
24CE025,pass1234,Student_24CE025,2024,24ce025@university.edu,24ce025@gmail.com,9300040025,2006-07-26,CEFA1,4,CE
24CE026,pass1234,Student_24CE026,2024,24ce026@university.edu,24ce026@gmail.com,9300040026,2006-08-27,CEFA2,4,CE
24CE027,pass1234,Student_24CE027,2024,24ce027@university.edu,24ce027@gmail.com,9300040027,2006-09-28,CEFA3,4,CE
24CE028,pass1234,Student_24CE028,2024,24ce028@university.edu,24ce028@gmail.com,9300040028,2006-10-01,CEFA4,4,CE
24CE029,pass1234,Student_24CE029,2024,24ce029@university.edu,24ce029@gmail.com,9300040029,2006-11-02,CEFA1,4,CE
24CE030,pass1234,Student_24CE030,2024,24ce030@university.edu,24ce030@gmail.com,9300040030,2006-12-03,CEFA2,4,CE
24CE031,pass1234,Student_24CE031,2024,24ce031@university.edu,24ce031@gmail.com,9300040031,2006-01-04,CEFA3,4,CE
24CE032,pass1234,Student_24CE032,2024,24ce032@university.edu,24ce032@gmail.com,9300040032,2006-02-05,CEFA4,4,CE
24CE033,pass1234,Student_24CE033,2024,24ce033@university.edu,24ce033@gmail.com,9300040033,2006-03-06,CEFA1,4,CE
24CE034,pass1234,Student_24CE034,2024,24ce034@university.edu,24ce034@gmail.com,9300040034,2006-04-07,CEFA2,4,CE
24CE035,pass1234,Student_24CE035,2024,24ce035@university.edu,24ce035@gmail.com,9300040035,2006-05-08,CEFA3,4,CE
24CE036,pass1234,Student_24CE036,2024,24ce036@university.edu,24ce036@gmail.com,9300040036,2006-06-09,CEFA4,4,CE
24CE037,pass1234,Student_24CE037,2024,24ce037@university.edu,24ce037@gmail.com,9300040037,2006-07-10,CEFA1,4,CE
24CE038,pass1234,Student_24CE038,2024,24ce038@university.edu,24ce038@gmail.com,9300040038,2006-08-11,CEFA2,4,CE
24CE039,pass1234,Student_24CE039,2024,24ce039@university.edu,24ce039@gmail.com,9300040039,2006-09-12,CEFA3,4,CE
24CE040,pass1234,Student_24CE040,2024,24ce040@university.edu,24ce040@gmail.com,9300040040,2006-10-13,CEFA4,4,CE
24CE041,pass1234,Student_24CE041,2024,24ce041@university.edu,24ce041@gmail.com,9300040041,2006-11-14,CEFA1,4,CE
24CE042,pass1234,Student_24CE042,2024,24ce042@university.edu,24ce042@gmail.com,9300040042,2006-12-15,CEFA2,4,CE
24CE043,pass1234,Student_24CE043,2024,24ce043@university.edu,24ce043@gmail.com,9300040043,2006-01-16,CEFA3,4,CE
24CE044,pass1234,Student_24CE044,2024,24ce044@university.edu,24ce044@gmail.com,9300040044,2006-02-17,CEFA4,4,CE
24CE045,pass1234,Student_24CE045,2024,24ce045@university.edu,24ce045@gmail.com,9300040045,2006-03-18,CEFA1,4,CE
24CE046,pass1234,Student_24CE046,2024,24ce046@university.edu,24ce046@gmail.com,9300040046,2006-04-19,CEFA2,4,CE
24CE047,pass1234,Student_24CE047,2024,24ce047@university.edu,24ce047@gmail.com,9300040047,2006-05-20,CEFA3,4,CE
24CE048,pass1234,Student_24CE048,2024,24ce048@university.edu,24ce048@gmail.com,9300040048,2006-06-21,CEFA4,4,CE
24CE049,pass1234,Student_24CE049,2024,24ce049@university.edu,24ce049@gmail.com,9300040049,2006-07-22,CEFA1,4,CE
24CE050,pass1234,Student_24CE050,2024,24ce050@university.edu,24ce050@gmail.com,9300040050,2006-08-23,CEFA2,4,CE
24CE051,pass1234,Student_24CE051,2024,24ce051@university.edu,24ce051@gmail.com,9300040051,2006-09-24,CEFA3,4,CE
24CE052,pass1234,Student_24CE052,2024,24ce052@university.edu,24ce052@gmail.com,9300040052,2006-10-25,CEFA4,4,CE
24CE053,pass1234,Student_24CE053,2024,24ce053@university.edu,24ce053@gmail.com,9300040053,2006-11-26,CEFA1,4,CE
24CE054,pass1234,Student_24CE054,2024,24ce054@university.edu,24ce054@gmail.com,9300040054,2006-12-27,CEFA2,4,CE
24CE055,pass1234,Student_24CE055,2024,24ce055@university.edu,24ce055@gmail.com,9300040055,2006-01-28,CEFA3,4,CE
24CE056,pass1234,Student_24CE056,2024,24ce056@university.edu,24ce056@gmail.com,9300040056,2006-02-01,CEFA4,4,CE
24CE057,pass1234,Student_24CE057,2024,24ce057@university.edu,24ce057@gmail.com,9300040057,2006-03-02,CEFA1,4,CE
24CE058,pass1234,Student_24CE058,2024,24ce058@university.edu,24ce058@gmail.com,9300040058,2006-04-03,CEFA2,4,CE
24CE059,pass1234,Student_24CE059,2024,24ce059@university.edu,24ce059@gmail.com,9300040059,2006-05-04,CEFA3,4,CE
24CE060,pass1234,Student_24CE060,2024,24ce060@university.edu,24ce060@gmail.com,9300040060,2006-06-05,CEFA4,4,CE
24CE061,pass1234,Student_24CE061,2024,24ce061@university.edu,24ce061@gmail.com,9300040061,2006-07-06,CEFA1,4,CE
24CE062,pass1234,Student_24CE062,2024,24ce062@university.edu,24ce062@gmail.com,9300040062,2006-08-07,CEFA2,4,CE
24CE063,pass1234,Student_24CE063,2024,24ce063@university.edu,24ce063@gmail.com,9300040063,2006-09-08,CEFA3,4,CE
24CE064,pass1234,Student_24CE064,2024,24ce064@university.edu,24ce064@gmail.com,9300040064,2006-10-09,CEFA4,4,CE
24CE065,pass1234,Student_24CE065,2024,24ce065@university.edu,24ce065@gmail.com,9300040065,2006-11-10,CEFA1,4,CE
24CE066,pass1234,Student_24CE066,2024,24ce066@university.edu,24ce066@gmail.com,9300040066,2006-12-11,CEFA2,4,CE
24CE067,pass1234,Student_24CE067,2024,24ce067@university.edu,24ce067@gmail.com,9300040067,2006-01-12,CEFA3,4,CE
24CE068,pass1234,Student_24CE068,2024,24ce068@university.edu,24ce068@gmail.com,9300040068,2006-02-13,CEFA4,4,CE
24CE069,pass1234,Student_24CE069,2024,24ce069@university.edu,24ce069@gmail.com,9300040069,2006-03-14,CEFA1,4,CE
24CE070,pass1234,Student_24CE070,2024,24ce070@university.edu,24ce070@gmail.com,9300040070,2006-04-15,CEFA2,4,CE
24CE071,pass1234,Student_24CE071,2024,24ce071@university.edu,24ce071@gmail.com,9300040071,2006-05-16,CEFA3,4,CE
24CE072,pass1234,Student_24CE072,2024,24ce072@university.edu,24ce072@gmail.com,9300040072,2006-06-17,CEFA4,4,CE
24CE073,pass1234,Student_24CE073,2024,24ce073@university.edu,24ce073@gmail.com,9300040073,2006-07-18,CEFA1,4,CE
24CE074,pass1234,Student_24CE074,2024,24ce074@university.edu,24ce074@gmail.com,9300040074,2006-08-19,CEFA2,4,CE
24CE075,pass1234,Student_24CE075,2024,24ce075@university.edu,24ce075@gmail.com,9300040075,2006-09-20,CEFA3,4,CE
24CE076,pass1234,Student_24CE076,2024,24ce076@university.edu,24ce076@gmail.com,9300040076,2006-10-21,CEFA4,4,CE
24CE077,pass1234,Student_24CE077,2024,24ce077@university.edu,24ce077@gmail.com,9300040077,2006-11-22,CEFA1,4,CE
24CE078,pass1234,Student_24CE078,2024,24ce078@university.edu,24ce078@gmail.com,9300040078,2006-12-23,CEFA2,4,CE
24CE079,pass1234,Student_24CE079,2024,24ce079@university.edu,24ce079@gmail.com,9300040079,2006-01-24,CEFA3,4,CE
24CE080,pass1234,Student_24CE080,2024,24ce080@university.edu,24ce080@gmail.com,9300040080,2006-02-25,CEFA4,4,CE
25CS001,pass1234,Student_25CS001,2025,25cs001@university.edu,25cs001@gmail.com,9300050001,2007-07-02,CSFA1,2,CSE
25CS002,pass1234,Student_25CS002,2025,25cs002@university.edu,25cs002@gmail.com,9300050002,2007-08-03,CSFA2,2,CSE
25CS003,pass1234,Student_25CS003,2025,25cs003@university.edu,25cs003@gmail.com,9300050003,2007-09-04,CSFA3,2,CSE
25CS004,pass1234,Student_25CS004,2025,25cs004@university.edu,25cs004@gmail.com,9300050004,2007-10-05,CSFA4,2,CSE
25CS005,pass1234,Student_25CS005,2025,25cs005@university.edu,25cs005@gmail.com,9300050005,2007-11-06,CSFA1,2,CSE
25CS006,pass1234,Student_25CS006,2025,25cs006@university.edu,25cs006@gmail.com,9300050006,2007-12-07,CSFA2,2,CSE
25CS007,pass1234,Student_25CS007,2025,25cs007@university.edu,25cs007@gmail.com,9300050007,2007-01-08,CSFA3,2,CSE
25CS008,pass1234,Student_25CS008,2025,25cs008@university.edu,25cs008@gmail.com,9300050008,2007-02-09,CSFA4,2,CSE
25CS009,pass1234,Student_25CS009,2025,25cs009@university.edu,25cs009@gmail.com,9300050009,2007-03-10,CSFA1,2,CSE
25CS010,pass1234,Student_25CS010,2025,25cs010@university.edu,25cs010@gmail.com,9300050010,2007-04-11,CSFA2,2,CSE
25CS011,pass1234,Student_25CS011,2025,25cs011@university.edu,25cs011@gmail.com,9300050011,2007-05-12,CSFA3,2,CSE
25CS012,pass1234,Student_25CS012,2025,25cs012@university.edu,25cs012@gmail.com,9300050012,2007-06-13,CSFA4,2,CSE
25CS013,pass1234,Student_25CS013,2025,25cs013@university.edu,25cs013@gmail.com,9300050013,2007-07-14,CSFA1,2,CSE
25CS014,pass1234,Student_25CS014,2025,25cs014@university.edu,25cs014@gmail.com,9300050014,2007-08-15,CSFA2,2,CSE
25CS015,pass1234,Student_25CS015,2025,25cs015@university.edu,25cs015@gmail.com,9300050015,2007-09-16,CSFA3,2,CSE
25CS016,pass1234,Student_25CS016,2025,25cs016@university.edu,25cs016@gmail.com,9300050016,2007-10-17,CSFA4,2,CSE
25CS017,pass1234,Student_25CS017,2025,25cs017@university.edu,25cs017@gmail.com,9300050017,2007-11-18,CSFA1,2,CSE
25CS018,pass1234,Student_25CS018,2025,25cs018@university.edu,25cs018@gmail.com,9300050018,2007-12-19,CSFA2,2,CSE
25CS019,pass1234,Student_25CS019,2025,25cs019@university.edu,25cs019@gmail.com,9300050019,2007-01-20,CSFA3,2,CSE
25CS020,pass1234,Student_25CS020,2025,25cs020@university.edu,25cs020@gmail.com,9300050020,2007-02-21,CSFA4,2,CSE
25CS021,pass1234,Student_25CS021,2025,25cs021@university.edu,25cs021@gmail.com,9300050021,2007-03-22,CSFA1,2,CSE
25CS022,pass1234,Student_25CS022,2025,25cs022@university.edu,25cs022@gmail.com,9300050022,2007-04-23,CSFA2,2,CSE
25CS023,pass1234,Student_25CS023,2025,25cs023@university.edu,25cs023@gmail.com,9300050023,2007-05-24,CSFA3,2,CSE
25CS024,pass1234,Student_25CS024,2025,25cs024@university.edu,25cs024@gmail.com,9300050024,2007-06-25,CSFA4,2,CSE
25CS025,pass1234,Student_25CS025,2025,25cs025@university.edu,25cs025@gmail.com,9300050025,2007-07-26,CSFA1,2,CSE
25CS026,pass1234,Student_25CS026,2025,25cs026@university.edu,25cs026@gmail.com,9300050026,2007-08-27,CSFA2,2,CSE
25CS027,pass1234,Student_25CS027,2025,25cs027@university.edu,25cs027@gmail.com,9300050027,2007-09-28,CSFA3,2,CSE
25CS028,pass1234,Student_25CS028,2025,25cs028@university.edu,25cs028@gmail.com,9300050028,2007-10-01,CSFA4,2,CSE
25CS029,pass1234,Student_25CS029,2025,25cs029@university.edu,25cs029@gmail.com,9300050029,2007-11-02,CSFA1,2,CSE
25CS030,pass1234,Student_25CS030,2025,25cs030@university.edu,25cs030@gmail.com,9300050030,2007-12-03,CSFA2,2,CSE
25CS031,pass1234,Student_25CS031,2025,25cs031@university.edu,25cs031@gmail.com,9300050031,2007-01-04,CSFA3,2,CSE
25CS032,pass1234,Student_25CS032,2025,25cs032@university.edu,25cs032@gmail.com,9300050032,2007-02-05,CSFA4,2,CSE
25CS033,pass1234,Student_25CS033,2025,25cs033@university.edu,25cs033@gmail.com,9300050033,2007-03-06,CSFA1,2,CSE
25CS034,pass1234,Student_25CS034,2025,25cs034@university.edu,25cs034@gmail.com,9300050034,2007-04-07,CSFA2,2,CSE
25CS035,pass1234,Student_25CS035,2025,25cs035@university.edu,25cs035@gmail.com,9300050035,2007-05-08,CSFA3,2,CSE
25CS036,pass1234,Student_25CS036,2025,25cs036@university.edu,25cs036@gmail.com,9300050036,2007-06-09,CSFA4,2,CSE
25CS037,pass1234,Student_25CS037,2025,25cs037@university.edu,25cs037@gmail.com,9300050037,2007-07-10,CSFA1,2,CSE
25CS038,pass1234,Student_25CS038,2025,25cs038@university.edu,25cs038@gmail.com,9300050038,2007-08-11,CSFA2,2,CSE
25CS039,pass1234,Student_25CS039,2025,25cs039@university.edu,25cs039@gmail.com,9300050039,2007-09-12,CSFA3,2,CSE
25CS040,pass1234,Student_25CS040,2025,25cs040@university.edu,25cs040@gmail.com,9300050040,2007-10-13,CSFA4,2,CSE
25CS041,pass1234,Student_25CS041,2025,25cs041@university.edu,25cs041@gmail.com,9300050041,2007-11-14,CSFA1,2,CSE
25CS042,pass1234,Student_25CS042,2025,25cs042@university.edu,25cs042@gmail.com,9300050042,2007-12-15,CSFA2,2,CSE
25CS043,pass1234,Student_25CS043,2025,25cs043@university.edu,25cs043@gmail.com,9300050043,2007-01-16,CSFA3,2,CSE
25CS044,pass1234,Student_25CS044,2025,25cs044@university.edu,25cs044@gmail.com,9300050044,2007-02-17,CSFA4,2,CSE
25CS045,pass1234,Student_25CS045,2025,25cs045@university.edu,25cs045@gmail.com,9300050045,2007-03-18,CSFA1,2,CSE
25CS046,pass1234,Student_25CS046,2025,25cs046@university.edu,25cs046@gmail.com,9300050046,2007-04-19,CSFA2,2,CSE
25CS047,pass1234,Student_25CS047,2025,25cs047@university.edu,25cs047@gmail.com,9300050047,2007-05-20,CSFA3,2,CSE
25CS048,pass1234,Student_25CS048,2025,25cs048@university.edu,25cs048@gmail.com,9300050048,2007-06-21,CSFA4,2,CSE
25CS049,pass1234,Student_25CS049,2025,25cs049@university.edu,25cs049@gmail.com,9300050049,2007-07-22,CSFA1,2,CSE
25CS050,pass1234,Student_25CS050,2025,25cs050@university.edu,25cs050@gmail.com,9300050050,2007-08-23,CSFA2,2,CSE
25CS051,pass1234,Student_25CS051,2025,25cs051@university.edu,25cs051@gmail.com,9300050051,2007-09-24,CSFA3,2,CSE
25CS052,pass1234,Student_25CS052,2025,25cs052@university.edu,25cs052@gmail.com,9300050052,2007-10-25,CSFA4,2,CSE
25CS053,pass1234,Student_25CS053,2025,25cs053@university.edu,25cs053@gmail.com,9300050053,2007-11-26,CSFA1,2,CSE
25CS054,pass1234,Student_25CS054,2025,25cs054@university.edu,25cs054@gmail.com,9300050054,2007-12-27,CSFA2,2,CSE
25CS055,pass1234,Student_25CS055,2025,25cs055@university.edu,25cs055@gmail.com,9300050055,2007-01-28,CSFA3,2,CSE
25CS056,pass1234,Student_25CS056,2025,25cs056@university.edu,25cs056@gmail.com,9300050056,2007-02-01,CSFA4,2,CSE
25CS057,pass1234,Student_25CS057,2025,25cs057@university.edu,25cs057@gmail.com,9300050057,2007-03-02,CSFA1,2,CSE
25CS058,pass1234,Student_25CS058,2025,25cs058@university.edu,25cs058@gmail.com,9300050058,2007-04-03,CSFA2,2,CSE
25CS059,pass1234,Student_25CS059,2025,25cs059@university.edu,25cs059@gmail.com,9300050059,2007-05-04,CSFA3,2,CSE
25CS060,pass1234,Student_25CS060,2025,25cs060@university.edu,25cs060@gmail.com,9300050060,2007-06-05,CSFA4,2,CSE
25CS061,pass1234,Student_25CS061,2025,25cs061@university.edu,25cs061@gmail.com,9300050061,2007-07-06,CSFA1,2,CSE
25CS062,pass1234,Student_25CS062,2025,25cs062@university.edu,25cs062@gmail.com,9300050062,2007-08-07,CSFA2,2,CSE
25CS063,pass1234,Student_25CS063,2025,25cs063@university.edu,25cs063@gmail.com,9300050063,2007-09-08,CSFA3,2,CSE
25CS064,pass1234,Student_25CS064,2025,25cs064@university.edu,25cs064@gmail.com,9300050064,2007-10-09,CSFA4,2,CSE
25CS065,pass1234,Student_25CS065,2025,25cs065@university.edu,25cs065@gmail.com,9300050065,2007-11-10,CSFA1,2,CSE
25CS066,pass1234,Student_25CS066,2025,25cs066@university.edu,25cs066@gmail.com,9300050066,2007-12-11,CSFA2,2,CSE
25CS067,pass1234,Student_25CS067,2025,25cs067@university.edu,25cs067@gmail.com,9300050067,2007-01-12,CSFA3,2,CSE
25CS068,pass1234,Student_25CS068,2025,25cs068@university.edu,25cs068@gmail.com,9300050068,2007-02-13,CSFA4,2,CSE
25CS069,pass1234,Student_25CS069,2025,25cs069@university.edu,25cs069@gmail.com,9300050069,2007-03-14,CSFA1,2,CSE
25CS070,pass1234,Student_25CS070,2025,25cs070@university.edu,25cs070@gmail.com,9300050070,2007-04-15,CSFA2,2,CSE
25CS071,pass1234,Student_25CS071,2025,25cs071@university.edu,25cs071@gmail.com,9300050071,2007-05-16,CSFA3,2,CSE
25CS072,pass1234,Student_25CS072,2025,25cs072@university.edu,25cs072@gmail.com,9300050072,2007-06-17,CSFA4,2,CSE
25CS073,pass1234,Student_25CS073,2025,25cs073@university.edu,25cs073@gmail.com,9300050073,2007-07-18,CSFA1,2,CSE
25CS074,pass1234,Student_25CS074,2025,25cs074@university.edu,25cs074@gmail.com,9300050074,2007-08-19,CSFA2,2,CSE
25CS075,pass1234,Student_25CS075,2025,25cs075@university.edu,25cs075@gmail.com,9300050075,2007-09-20,CSFA3,2,CSE
25CS076,pass1234,Student_25CS076,2025,25cs076@university.edu,25cs076@gmail.com,9300050076,2007-10-21,CSFA4,2,CSE
25CS077,pass1234,Student_25CS077,2025,25cs077@university.edu,25cs077@gmail.com,9300050077,2007-11-22,CSFA1,2,CSE
25CS078,pass1234,Student_25CS078,2025,25cs078@university.edu,25cs078@gmail.com,9300050078,2007-12-23,CSFA2,2,CSE
25CS079,pass1234,Student_25CS079,2025,25cs079@university.edu,25cs079@gmail.com,9300050079,2007-01-24,CSFA3,2,CSE
25CS080,pass1234,Student_25CS080,2025,25cs080@university.edu,25cs080@gmail.com,9300050080,2007-02-25,CSFA4,2,CSE
25IT001,pass1234,Student_25IT001,2025,25it001@university.edu,25it001@gmail.com,9300050001,2007-07-02,ITFA1,2,IT
25IT002,pass1234,Student_25IT002,2025,25it002@university.edu,25it002@gmail.com,9300050002,2007-08-03,ITFA2,2,IT
25IT003,pass1234,Student_25IT003,2025,25it003@university.edu,25it003@gmail.com,9300050003,2007-09-04,ITFA3,2,IT
25IT004,pass1234,Student_25IT004,2025,25it004@university.edu,25it004@gmail.com,9300050004,2007-10-05,ITFA4,2,IT
25IT005,pass1234,Student_25IT005,2025,25it005@university.edu,25it005@gmail.com,9300050005,2007-11-06,ITFA1,2,IT
25IT006,pass1234,Student_25IT006,2025,25it006@university.edu,25it006@gmail.com,9300050006,2007-12-07,ITFA2,2,IT
25IT007,pass1234,Student_25IT007,2025,25it007@university.edu,25it007@gmail.com,9300050007,2007-01-08,ITFA3,2,IT
25IT008,pass1234,Student_25IT008,2025,25it008@university.edu,25it008@gmail.com,9300050008,2007-02-09,ITFA4,2,IT
25IT009,pass1234,Student_25IT009,2025,25it009@university.edu,25it009@gmail.com,9300050009,2007-03-10,ITFA1,2,IT
25IT010,pass1234,Student_25IT010,2025,25it010@university.edu,25it010@gmail.com,9300050010,2007-04-11,ITFA2,2,IT
25IT011,pass1234,Student_25IT011,2025,25it011@university.edu,25it011@gmail.com,9300050011,2007-05-12,ITFA3,2,IT
25IT012,pass1234,Student_25IT012,2025,25it012@university.edu,25it012@gmail.com,9300050012,2007-06-13,ITFA4,2,IT
25IT013,pass1234,Student_25IT013,2025,25it013@university.edu,25it013@gmail.com,9300050013,2007-07-14,ITFA1,2,IT
25IT014,pass1234,Student_25IT014,2025,25it014@university.edu,25it014@gmail.com,9300050014,2007-08-15,ITFA2,2,IT
25IT015,pass1234,Student_25IT015,2025,25it015@university.edu,25it015@gmail.com,9300050015,2007-09-16,ITFA3,2,IT
25IT016,pass1234,Student_25IT016,2025,25it016@university.edu,25it016@gmail.com,9300050016,2007-10-17,ITFA4,2,IT
25IT017,pass1234,Student_25IT017,2025,25it017@university.edu,25it017@gmail.com,9300050017,2007-11-18,ITFA1,2,IT
25IT018,pass1234,Student_25IT018,2025,25it018@university.edu,25it018@gmail.com,9300050018,2007-12-19,ITFA2,2,IT
25IT019,pass1234,Student_25IT019,2025,25it019@university.edu,25it019@gmail.com,9300050019,2007-01-20,ITFA3,2,IT
25IT020,pass1234,Student_25IT020,2025,25it020@university.edu,25it020@gmail.com,9300050020,2007-02-21,ITFA4,2,IT
25IT021,pass1234,Student_25IT021,2025,25it021@university.edu,25it021@gmail.com,9300050021,2007-03-22,ITFA1,2,IT
25IT022,pass1234,Student_25IT022,2025,25it022@university.edu,25it022@gmail.com,9300050022,2007-04-23,ITFA2,2,IT
25IT023,pass1234,Student_25IT023,2025,25it023@university.edu,25it023@gmail.com,9300050023,2007-05-24,ITFA3,2,IT
25IT024,pass1234,Student_25IT024,2025,25it024@university.edu,25it024@gmail.com,9300050024,2007-06-25,ITFA4,2,IT
25IT025,pass1234,Student_25IT025,2025,25it025@university.edu,25it025@gmail.com,9300050025,2007-07-26,ITFA1,2,IT
25IT026,pass1234,Student_25IT026,2025,25it026@university.edu,25it026@gmail.com,9300050026,2007-08-27,ITFA2,2,IT
25IT027,pass1234,Student_25IT027,2025,25it027@university.edu,25it027@gmail.com,9300050027,2007-09-28,ITFA3,2,IT
25IT028,pass1234,Student_25IT028,2025,25it028@university.edu,25it028@gmail.com,9300050028,2007-10-01,ITFA4,2,IT
25IT029,pass1234,Student_25IT029,2025,25it029@university.edu,25it029@gmail.com,9300050029,2007-11-02,ITFA1,2,IT
25IT030,pass1234,Student_25IT030,2025,25it030@university.edu,25it030@gmail.com,9300050030,2007-12-03,ITFA2,2,IT
25IT031,pass1234,Student_25IT031,2025,25it031@university.edu,25it031@gmail.com,9300050031,2007-01-04,ITFA3,2,IT
25IT032,pass1234,Student_25IT032,2025,25it032@university.edu,25it032@gmail.com,9300050032,2007-02-05,ITFA4,2,IT
25IT033,pass1234,Student_25IT033,2025,25it033@university.edu,25it033@gmail.com,9300050033,2007-03-06,ITFA1,2,IT
25IT034,pass1234,Student_25IT034,2025,25it034@university.edu,25it034@gmail.com,9300050034,2007-04-07,ITFA2,2,IT
25IT035,pass1234,Student_25IT035,2025,25it035@university.edu,25it035@gmail.com,9300050035,2007-05-08,ITFA3,2,IT
25IT036,pass1234,Student_25IT036,2025,25it036@university.edu,25it036@gmail.com,9300050036,2007-06-09,ITFA4,2,IT
25IT037,pass1234,Student_25IT037,2025,25it037@university.edu,25it037@gmail.com,9300050037,2007-07-10,ITFA1,2,IT
25IT038,pass1234,Student_25IT038,2025,25it038@university.edu,25it038@gmail.com,9300050038,2007-08-11,ITFA2,2,IT
25IT039,pass1234,Student_25IT039,2025,25it039@university.edu,25it039@gmail.com,9300050039,2007-09-12,ITFA3,2,IT
25IT040,pass1234,Student_25IT040,2025,25it040@university.edu,25it040@gmail.com,9300050040,2007-10-13,ITFA4,2,IT
25IT041,pass1234,Student_25IT041,2025,25it041@university.edu,25it041@gmail.com,9300050041,2007-11-14,ITFA1,2,IT
25IT042,pass1234,Student_25IT042,2025,25it042@university.edu,25it042@gmail.com,9300050042,2007-12-15,ITFA2,2,IT
25IT043,pass1234,Student_25IT043,2025,25it043@university.edu,25it043@gmail.com,9300050043,2007-01-16,ITFA3,2,IT
25IT044,pass1234,Student_25IT044,2025,25it044@university.edu,25it044@gmail.com,9300050044,2007-02-17,ITFA4,2,IT
25IT045,pass1234,Student_25IT045,2025,25it045@university.edu,25it045@gmail.com,9300050045,2007-03-18,ITFA1,2,IT
25IT046,pass1234,Student_25IT046,2025,25it046@university.edu,25it046@gmail.com,9300050046,2007-04-19,ITFA2,2,IT
25IT047,pass1234,Student_25IT047,2025,25it047@university.edu,25it047@gmail.com,9300050047,2007-05-20,ITFA3,2,IT
25IT048,pass1234,Student_25IT048,2025,25it048@university.edu,25it048@gmail.com,9300050048,2007-06-21,ITFA4,2,IT
25IT049,pass1234,Student_25IT049,2025,25it049@university.edu,25it049@gmail.com,9300050049,2007-07-22,ITFA1,2,IT
25IT050,pass1234,Student_25IT050,2025,25it050@university.edu,25it050@gmail.com,9300050050,2007-08-23,ITFA2,2,IT
25IT051,pass1234,Student_25IT051,2025,25it051@university.edu,25it051@gmail.com,9300050051,2007-09-24,ITFA3,2,IT
25IT052,pass1234,Student_25IT052,2025,25it052@university.edu,25it052@gmail.com,9300050052,2007-10-25,ITFA4,2,IT
25IT053,pass1234,Student_25IT053,2025,25it053@university.edu,25it053@gmail.com,9300050053,2007-11-26,ITFA1,2,IT
25IT054,pass1234,Student_25IT054,2025,25it054@university.edu,25it054@gmail.com,9300050054,2007-12-27,ITFA2,2,IT
25IT055,pass1234,Student_25IT055,2025,25it055@university.edu,25it055@gmail.com,9300050055,2007-01-28,ITFA3,2,IT
25IT056,pass1234,Student_25IT056,2025,25it056@university.edu,25it056@gmail.com,9300050056,2007-02-01,ITFA4,2,IT
25IT057,pass1234,Student_25IT057,2025,25it057@university.edu,25it057@gmail.com,9300050057,2007-03-02,ITFA1,2,IT
25IT058,pass1234,Student_25IT058,2025,25it058@university.edu,25it058@gmail.com,9300050058,2007-04-03,ITFA2,2,IT
25IT059,pass1234,Student_25IT059,2025,25it059@university.edu,25it059@gmail.com,9300050059,2007-05-04,ITFA3,2,IT
25IT060,pass1234,Student_25IT060,2025,25it060@university.edu,25it060@gmail.com,9300050060,2007-06-05,ITFA4,2,IT
25IT061,pass1234,Student_25IT061,2025,25it061@university.edu,25it061@gmail.com,9300050061,2007-07-06,ITFA1,2,IT
25IT062,pass1234,Student_25IT062,2025,25it062@university.edu,25it062@gmail.com,9300050062,2007-08-07,ITFA2,2,IT
25IT063,pass1234,Student_25IT063,2025,25it063@university.edu,25it063@gmail.com,9300050063,2007-09-08,ITFA3,2,IT
25IT064,pass1234,Student_25IT064,2025,25it064@university.edu,25it064@gmail.com,9300050064,2007-10-09,ITFA4,2,IT
25IT065,pass1234,Student_25IT065,2025,25it065@university.edu,25it065@gmail.com,9300050065,2007-11-10,ITFA1,2,IT
25IT066,pass1234,Student_25IT066,2025,25it066@university.edu,25it066@gmail.com,9300050066,2007-12-11,ITFA2,2,IT
25IT067,pass1234,Student_25IT067,2025,25it067@university.edu,25it067@gmail.com,9300050067,2007-01-12,ITFA3,2,IT
25IT068,pass1234,Student_25IT068,2025,25it068@university.edu,25it068@gmail.com,9300050068,2007-02-13,ITFA4,2,IT
25IT069,pass1234,Student_25IT069,2025,25it069@university.edu,25it069@gmail.com,9300050069,2007-03-14,ITFA1,2,IT
25IT070,pass1234,Student_25IT070,2025,25it070@university.edu,25it070@gmail.com,9300050070,2007-04-15,ITFA2,2,IT
25IT071,pass1234,Student_25IT071,2025,25it071@university.edu,25it071@gmail.com,9300050071,2007-05-16,ITFA3,2,IT
25IT072,pass1234,Student_25IT072,2025,25it072@university.edu,25it072@gmail.com,9300050072,2007-06-17,ITFA4,2,IT
25IT073,pass1234,Student_25IT073,2025,25it073@university.edu,25it073@gmail.com,9300050073,2007-07-18,ITFA1,2,IT
25IT074,pass1234,Student_25IT074,2025,25it074@university.edu,25it074@gmail.com,9300050074,2007-08-19,ITFA2,2,IT
25IT075,pass1234,Student_25IT075,2025,25it075@university.edu,25it075@gmail.com,9300050075,2007-09-20,ITFA3,2,IT
25IT076,pass1234,Student_25IT076,2025,25it076@university.edu,25it076@gmail.com,9300050076,2007-10-21,ITFA4,2,IT
25IT077,pass1234,Student_25IT077,2025,25it077@university.edu,25it077@gmail.com,9300050077,2007-11-22,ITFA1,2,IT
25IT078,pass1234,Student_25IT078,2025,25it078@university.edu,25it078@gmail.com,9300050078,2007-12-23,ITFA2,2,IT
25IT079,pass1234,Student_25IT079,2025,25it079@university.edu,25it079@gmail.com,9300050079,2007-01-24,ITFA3,2,IT
25IT080,pass1234,Student_25IT080,2025,25it080@university.edu,25it080@gmail.com,9300050080,2007-02-25,ITFA4,2,IT
25EC001,pass1234,Student_25EC001,2025,25ec001@university.edu,25ec001@gmail.com,9300050001,2007-07-02,ECFA1,2,ECE
25EC002,pass1234,Student_25EC002,2025,25ec002@university.edu,25ec002@gmail.com,9300050002,2007-08-03,ECFA2,2,ECE
25EC003,pass1234,Student_25EC003,2025,25ec003@university.edu,25ec003@gmail.com,9300050003,2007-09-04,ECFA3,2,ECE
25EC004,pass1234,Student_25EC004,2025,25ec004@university.edu,25ec004@gmail.com,9300050004,2007-10-05,ECFA4,2,ECE
25EC005,pass1234,Student_25EC005,2025,25ec005@university.edu,25ec005@gmail.com,9300050005,2007-11-06,ECFA1,2,ECE
25EC006,pass1234,Student_25EC006,2025,25ec006@university.edu,25ec006@gmail.com,9300050006,2007-12-07,ECFA2,2,ECE
25EC007,pass1234,Student_25EC007,2025,25ec007@university.edu,25ec007@gmail.com,9300050007,2007-01-08,ECFA3,2,ECE
25EC008,pass1234,Student_25EC008,2025,25ec008@university.edu,25ec008@gmail.com,9300050008,2007-02-09,ECFA4,2,ECE
25EC009,pass1234,Student_25EC009,2025,25ec009@university.edu,25ec009@gmail.com,9300050009,2007-03-10,ECFA1,2,ECE
25EC010,pass1234,Student_25EC010,2025,25ec010@university.edu,25ec010@gmail.com,9300050010,2007-04-11,ECFA2,2,ECE
25EC011,pass1234,Student_25EC011,2025,25ec011@university.edu,25ec011@gmail.com,9300050011,2007-05-12,ECFA3,2,ECE
25EC012,pass1234,Student_25EC012,2025,25ec012@university.edu,25ec012@gmail.com,9300050012,2007-06-13,ECFA4,2,ECE
25EC013,pass1234,Student_25EC013,2025,25ec013@university.edu,25ec013@gmail.com,9300050013,2007-07-14,ECFA1,2,ECE
25EC014,pass1234,Student_25EC014,2025,25ec014@university.edu,25ec014@gmail.com,9300050014,2007-08-15,ECFA2,2,ECE
25EC015,pass1234,Student_25EC015,2025,25ec015@university.edu,25ec015@gmail.com,9300050015,2007-09-16,ECFA3,2,ECE
25EC016,pass1234,Student_25EC016,2025,25ec016@university.edu,25ec016@gmail.com,9300050016,2007-10-17,ECFA4,2,ECE
25EC017,pass1234,Student_25EC017,2025,25ec017@university.edu,25ec017@gmail.com,9300050017,2007-11-18,ECFA1,2,ECE
25EC018,pass1234,Student_25EC018,2025,25ec018@university.edu,25ec018@gmail.com,9300050018,2007-12-19,ECFA2,2,ECE
25EC019,pass1234,Student_25EC019,2025,25ec019@university.edu,25ec019@gmail.com,9300050019,2007-01-20,ECFA3,2,ECE
25EC020,pass1234,Student_25EC020,2025,25ec020@university.edu,25ec020@gmail.com,9300050020,2007-02-21,ECFA4,2,ECE
25EC021,pass1234,Student_25EC021,2025,25ec021@university.edu,25ec021@gmail.com,9300050021,2007-03-22,ECFA1,2,ECE
25EC022,pass1234,Student_25EC022,2025,25ec022@university.edu,25ec022@gmail.com,9300050022,2007-04-23,ECFA2,2,ECE
25EC023,pass1234,Student_25EC023,2025,25ec023@university.edu,25ec023@gmail.com,9300050023,2007-05-24,ECFA3,2,ECE
25EC024,pass1234,Student_25EC024,2025,25ec024@university.edu,25ec024@gmail.com,9300050024,2007-06-25,ECFA4,2,ECE
25EC025,pass1234,Student_25EC025,2025,25ec025@university.edu,25ec025@gmail.com,9300050025,2007-07-26,ECFA1,2,ECE
25EC026,pass1234,Student_25EC026,2025,25ec026@university.edu,25ec026@gmail.com,9300050026,2007-08-27,ECFA2,2,ECE
25EC027,pass1234,Student_25EC027,2025,25ec027@university.edu,25ec027@gmail.com,9300050027,2007-09-28,ECFA3,2,ECE
25EC028,pass1234,Student_25EC028,2025,25ec028@university.edu,25ec028@gmail.com,9300050028,2007-10-01,ECFA4,2,ECE
25EC029,pass1234,Student_25EC029,2025,25ec029@university.edu,25ec029@gmail.com,9300050029,2007-11-02,ECFA1,2,ECE
25EC030,pass1234,Student_25EC030,2025,25ec030@university.edu,25ec030@gmail.com,9300050030,2007-12-03,ECFA2,2,ECE
25EC031,pass1234,Student_25EC031,2025,25ec031@university.edu,25ec031@gmail.com,9300050031,2007-01-04,ECFA3,2,ECE
25EC032,pass1234,Student_25EC032,2025,25ec032@university.edu,25ec032@gmail.com,9300050032,2007-02-05,ECFA4,2,ECE
25EC033,pass1234,Student_25EC033,2025,25ec033@university.edu,25ec033@gmail.com,9300050033,2007-03-06,ECFA1,2,ECE
25EC034,pass1234,Student_25EC034,2025,25ec034@university.edu,25ec034@gmail.com,9300050034,2007-04-07,ECFA2,2,ECE
25EC035,pass1234,Student_25EC035,2025,25ec035@university.edu,25ec035@gmail.com,9300050035,2007-05-08,ECFA3,2,ECE
25EC036,pass1234,Student_25EC036,2025,25ec036@university.edu,25ec036@gmail.com,9300050036,2007-06-09,ECFA4,2,ECE
25EC037,pass1234,Student_25EC037,2025,25ec037@university.edu,25ec037@gmail.com,9300050037,2007-07-10,ECFA1,2,ECE
25EC038,pass1234,Student_25EC038,2025,25ec038@university.edu,25ec038@gmail.com,9300050038,2007-08-11,ECFA2,2,ECE
25EC039,pass1234,Student_25EC039,2025,25ec039@university.edu,25ec039@gmail.com,9300050039,2007-09-12,ECFA3,2,ECE
25EC040,pass1234,Student_25EC040,2025,25ec040@university.edu,25ec040@gmail.com,9300050040,2007-10-13,ECFA4,2,ECE
25EC041,pass1234,Student_25EC041,2025,25ec041@university.edu,25ec041@gmail.com,9300050041,2007-11-14,ECFA1,2,ECE
25EC042,pass1234,Student_25EC042,2025,25ec042@university.edu,25ec042@gmail.com,9300050042,2007-12-15,ECFA2,2,ECE
25EC043,pass1234,Student_25EC043,2025,25ec043@university.edu,25ec043@gmail.com,9300050043,2007-01-16,ECFA3,2,ECE
25EC044,pass1234,Student_25EC044,2025,25ec044@university.edu,25ec044@gmail.com,9300050044,2007-02-17,ECFA4,2,ECE
25EC045,pass1234,Student_25EC045,2025,25ec045@university.edu,25ec045@gmail.com,9300050045,2007-03-18,ECFA1,2,ECE
25EC046,pass1234,Student_25EC046,2025,25ec046@university.edu,25ec046@gmail.com,9300050046,2007-04-19,ECFA2,2,ECE
25EC047,pass1234,Student_25EC047,2025,25ec047@university.edu,25ec047@gmail.com,9300050047,2007-05-20,ECFA3,2,ECE
25EC048,pass1234,Student_25EC048,2025,25ec048@university.edu,25ec048@gmail.com,9300050048,2007-06-21,ECFA4,2,ECE
25EC049,pass1234,Student_25EC049,2025,25ec049@university.edu,25ec049@gmail.com,9300050049,2007-07-22,ECFA1,2,ECE
25EC050,pass1234,Student_25EC050,2025,25ec050@university.edu,25ec050@gmail.com,9300050050,2007-08-23,ECFA2,2,ECE
25EC051,pass1234,Student_25EC051,2025,25ec051@university.edu,25ec051@gmail.com,9300050051,2007-09-24,ECFA3,2,ECE
25EC052,pass1234,Student_25EC052,2025,25ec052@university.edu,25ec052@gmail.com,9300050052,2007-10-25,ECFA4,2,ECE
25EC053,pass1234,Student_25EC053,2025,25ec053@university.edu,25ec053@gmail.com,9300050053,2007-11-26,ECFA1,2,ECE
25EC054,pass1234,Student_25EC054,2025,25ec054@university.edu,25ec054@gmail.com,9300050054,2007-12-27,ECFA2,2,ECE
25EC055,pass1234,Student_25EC055,2025,25ec055@university.edu,25ec055@gmail.com,9300050055,2007-01-28,ECFA3,2,ECE
25EC056,pass1234,Student_25EC056,2025,25ec056@university.edu,25ec056@gmail.com,9300050056,2007-02-01,ECFA4,2,ECE
25EC057,pass1234,Student_25EC057,2025,25ec057@university.edu,25ec057@gmail.com,9300050057,2007-03-02,ECFA1,2,ECE
25EC058,pass1234,Student_25EC058,2025,25ec058@university.edu,25ec058@gmail.com,9300050058,2007-04-03,ECFA2,2,ECE
25EC059,pass1234,Student_25EC059,2025,25ec059@university.edu,25ec059@gmail.com,9300050059,2007-05-04,ECFA3,2,ECE
25EC060,pass1234,Student_25EC060,2025,25ec060@university.edu,25ec060@gmail.com,9300050060,2007-06-05,ECFA4,2,ECE
25EC061,pass1234,Student_25EC061,2025,25ec061@university.edu,25ec061@gmail.com,9300050061,2007-07-06,ECFA1,2,ECE
25EC062,pass1234,Student_25EC062,2025,25ec062@university.edu,25ec062@gmail.com,9300050062,2007-08-07,ECFA2,2,ECE
25EC063,pass1234,Student_25EC063,2025,25ec063@university.edu,25ec063@gmail.com,9300050063,2007-09-08,ECFA3,2,ECE
25EC064,pass1234,Student_25EC064,2025,25ec064@university.edu,25ec064@gmail.com,9300050064,2007-10-09,ECFA4,2,ECE
25EC065,pass1234,Student_25EC065,2025,25ec065@university.edu,25ec065@gmail.com,9300050065,2007-11-10,ECFA1,2,ECE
25EC066,pass1234,Student_25EC066,2025,25ec066@university.edu,25ec066@gmail.com,9300050066,2007-12-11,ECFA2,2,ECE
25EC067,pass1234,Student_25EC067,2025,25ec067@university.edu,25ec067@gmail.com,9300050067,2007-01-12,ECFA3,2,ECE
25EC068,pass1234,Student_25EC068,2025,25ec068@university.edu,25ec068@gmail.com,9300050068,2007-02-13,ECFA4,2,ECE
25EC069,pass1234,Student_25EC069,2025,25ec069@university.edu,25ec069@gmail.com,9300050069,2007-03-14,ECFA1,2,ECE
25EC070,pass1234,Student_25EC070,2025,25ec070@university.edu,25ec070@gmail.com,9300050070,2007-04-15,ECFA2,2,ECE
25EC071,pass1234,Student_25EC071,2025,25ec071@university.edu,25ec071@gmail.com,9300050071,2007-05-16,ECFA3,2,ECE
25EC072,pass1234,Student_25EC072,2025,25ec072@university.edu,25ec072@gmail.com,9300050072,2007-06-17,ECFA4,2,ECE
25EC073,pass1234,Student_25EC073,2025,25ec073@university.edu,25ec073@gmail.com,9300050073,2007-07-18,ECFA1,2,ECE
25EC074,pass1234,Student_25EC074,2025,25ec074@university.edu,25ec074@gmail.com,9300050074,2007-08-19,ECFA2,2,ECE
25EC075,pass1234,Student_25EC075,2025,25ec075@university.edu,25ec075@gmail.com,9300050075,2007-09-20,ECFA3,2,ECE
25EC076,pass1234,Student_25EC076,2025,25ec076@university.edu,25ec076@gmail.com,9300050076,2007-10-21,ECFA4,2,ECE
25EC077,pass1234,Student_25EC077,2025,25ec077@university.edu,25ec077@gmail.com,9300050077,2007-11-22,ECFA1,2,ECE
25EC078,pass1234,Student_25EC078,2025,25ec078@university.edu,25ec078@gmail.com,9300050078,2007-12-23,ECFA2,2,ECE
25EC079,pass1234,Student_25EC079,2025,25ec079@university.edu,25ec079@gmail.com,9300050079,2007-01-24,ECFA3,2,ECE
25EC080,pass1234,Student_25EC080,2025,25ec080@university.edu,25ec080@gmail.com,9300050080,2007-02-25,ECFA4,2,ECE
25ME001,pass1234,Student_25ME001,2025,25me001@university.edu,25me001@gmail.com,9300050001,2007-07-02,MEFA1,2,ME
25ME002,pass1234,Student_25ME002,2025,25me002@university.edu,25me002@gmail.com,9300050002,2007-08-03,MEFA2,2,ME
25ME003,pass1234,Student_25ME003,2025,25me003@university.edu,25me003@gmail.com,9300050003,2007-09-04,MEFA3,2,ME
25ME004,pass1234,Student_25ME004,2025,25me004@university.edu,25me004@gmail.com,9300050004,2007-10-05,MEFA4,2,ME
25ME005,pass1234,Student_25ME005,2025,25me005@university.edu,25me005@gmail.com,9300050005,2007-11-06,MEFA1,2,ME
25ME006,pass1234,Student_25ME006,2025,25me006@university.edu,25me006@gmail.com,9300050006,2007-12-07,MEFA2,2,ME
25ME007,pass1234,Student_25ME007,2025,25me007@university.edu,25me007@gmail.com,9300050007,2007-01-08,MEFA3,2,ME
25ME008,pass1234,Student_25ME008,2025,25me008@university.edu,25me008@gmail.com,9300050008,2007-02-09,MEFA4,2,ME
25ME009,pass1234,Student_25ME009,2025,25me009@university.edu,25me009@gmail.com,9300050009,2007-03-10,MEFA1,2,ME
25ME010,pass1234,Student_25ME010,2025,25me010@university.edu,25me010@gmail.com,9300050010,2007-04-11,MEFA2,2,ME
25ME011,pass1234,Student_25ME011,2025,25me011@university.edu,25me011@gmail.com,9300050011,2007-05-12,MEFA3,2,ME
25ME012,pass1234,Student_25ME012,2025,25me012@university.edu,25me012@gmail.com,9300050012,2007-06-13,MEFA4,2,ME
25ME013,pass1234,Student_25ME013,2025,25me013@university.edu,25me013@gmail.com,9300050013,2007-07-14,MEFA1,2,ME
25ME014,pass1234,Student_25ME014,2025,25me014@university.edu,25me014@gmail.com,9300050014,2007-08-15,MEFA2,2,ME
25ME015,pass1234,Student_25ME015,2025,25me015@university.edu,25me015@gmail.com,9300050015,2007-09-16,MEFA3,2,ME
25ME016,pass1234,Student_25ME016,2025,25me016@university.edu,25me016@gmail.com,9300050016,2007-10-17,MEFA4,2,ME
25ME017,pass1234,Student_25ME017,2025,25me017@university.edu,25me017@gmail.com,9300050017,2007-11-18,MEFA1,2,ME
25ME018,pass1234,Student_25ME018,2025,25me018@university.edu,25me018@gmail.com,9300050018,2007-12-19,MEFA2,2,ME
25ME019,pass1234,Student_25ME019,2025,25me019@university.edu,25me019@gmail.com,9300050019,2007-01-20,MEFA3,2,ME
25ME020,pass1234,Student_25ME020,2025,25me020@university.edu,25me020@gmail.com,9300050020,2007-02-21,MEFA4,2,ME
25ME021,pass1234,Student_25ME021,2025,25me021@university.edu,25me021@gmail.com,9300050021,2007-03-22,MEFA1,2,ME
25ME022,pass1234,Student_25ME022,2025,25me022@university.edu,25me022@gmail.com,9300050022,2007-04-23,MEFA2,2,ME
25ME023,pass1234,Student_25ME023,2025,25me023@university.edu,25me023@gmail.com,9300050023,2007-05-24,MEFA3,2,ME
25ME024,pass1234,Student_25ME024,2025,25me024@university.edu,25me024@gmail.com,9300050024,2007-06-25,MEFA4,2,ME
25ME025,pass1234,Student_25ME025,2025,25me025@university.edu,25me025@gmail.com,9300050025,2007-07-26,MEFA1,2,ME
25ME026,pass1234,Student_25ME026,2025,25me026@university.edu,25me026@gmail.com,9300050026,2007-08-27,MEFA2,2,ME
25ME027,pass1234,Student_25ME027,2025,25me027@university.edu,25me027@gmail.com,9300050027,2007-09-28,MEFA3,2,ME
25ME028,pass1234,Student_25ME028,2025,25me028@university.edu,25me028@gmail.com,9300050028,2007-10-01,MEFA4,2,ME
25ME029,pass1234,Student_25ME029,2025,25me029@university.edu,25me029@gmail.com,9300050029,2007-11-02,MEFA1,2,ME
25ME030,pass1234,Student_25ME030,2025,25me030@university.edu,25me030@gmail.com,9300050030,2007-12-03,MEFA2,2,ME
25ME031,pass1234,Student_25ME031,2025,25me031@university.edu,25me031@gmail.com,9300050031,2007-01-04,MEFA3,2,ME
25ME032,pass1234,Student_25ME032,2025,25me032@university.edu,25me032@gmail.com,9300050032,2007-02-05,MEFA4,2,ME
25ME033,pass1234,Student_25ME033,2025,25me033@university.edu,25me033@gmail.com,9300050033,2007-03-06,MEFA1,2,ME
25ME034,pass1234,Student_25ME034,2025,25me034@university.edu,25me034@gmail.com,9300050034,2007-04-07,MEFA2,2,ME
25ME035,pass1234,Student_25ME035,2025,25me035@university.edu,25me035@gmail.com,9300050035,2007-05-08,MEFA3,2,ME
25ME036,pass1234,Student_25ME036,2025,25me036@university.edu,25me036@gmail.com,9300050036,2007-06-09,MEFA4,2,ME
25ME037,pass1234,Student_25ME037,2025,25me037@university.edu,25me037@gmail.com,9300050037,2007-07-10,MEFA1,2,ME
25ME038,pass1234,Student_25ME038,2025,25me038@university.edu,25me038@gmail.com,9300050038,2007-08-11,MEFA2,2,ME
25ME039,pass1234,Student_25ME039,2025,25me039@university.edu,25me039@gmail.com,9300050039,2007-09-12,MEFA3,2,ME
25ME040,pass1234,Student_25ME040,2025,25me040@university.edu,25me040@gmail.com,9300050040,2007-10-13,MEFA4,2,ME
25ME041,pass1234,Student_25ME041,2025,25me041@university.edu,25me041@gmail.com,9300050041,2007-11-14,MEFA1,2,ME
25ME042,pass1234,Student_25ME042,2025,25me042@university.edu,25me042@gmail.com,9300050042,2007-12-15,MEFA2,2,ME
25ME043,pass1234,Student_25ME043,2025,25me043@university.edu,25me043@gmail.com,9300050043,2007-01-16,MEFA3,2,ME
25ME044,pass1234,Student_25ME044,2025,25me044@university.edu,25me044@gmail.com,9300050044,2007-02-17,MEFA4,2,ME
25ME045,pass1234,Student_25ME045,2025,25me045@university.edu,25me045@gmail.com,9300050045,2007-03-18,MEFA1,2,ME
25ME046,pass1234,Student_25ME046,2025,25me046@university.edu,25me046@gmail.com,9300050046,2007-04-19,MEFA2,2,ME
25ME047,pass1234,Student_25ME047,2025,25me047@university.edu,25me047@gmail.com,9300050047,2007-05-20,MEFA3,2,ME
25ME048,pass1234,Student_25ME048,2025,25me048@university.edu,25me048@gmail.com,9300050048,2007-06-21,MEFA4,2,ME
25ME049,pass1234,Student_25ME049,2025,25me049@university.edu,25me049@gmail.com,9300050049,2007-07-22,MEFA1,2,ME
25ME050,pass1234,Student_25ME050,2025,25me050@university.edu,25me050@gmail.com,9300050050,2007-08-23,MEFA2,2,ME
25ME051,pass1234,Student_25ME051,2025,25me051@university.edu,25me051@gmail.com,9300050051,2007-09-24,MEFA3,2,ME
25ME052,pass1234,Student_25ME052,2025,25me052@university.edu,25me052@gmail.com,9300050052,2007-10-25,MEFA4,2,ME
25ME053,pass1234,Student_25ME053,2025,25me053@university.edu,25me053@gmail.com,9300050053,2007-11-26,MEFA1,2,ME
25ME054,pass1234,Student_25ME054,2025,25me054@university.edu,25me054@gmail.com,9300050054,2007-12-27,MEFA2,2,ME
25ME055,pass1234,Student_25ME055,2025,25me055@university.edu,25me055@gmail.com,9300050055,2007-01-28,MEFA3,2,ME
25ME056,pass1234,Student_25ME056,2025,25me056@university.edu,25me056@gmail.com,9300050056,2007-02-01,MEFA4,2,ME
25ME057,pass1234,Student_25ME057,2025,25me057@university.edu,25me057@gmail.com,9300050057,2007-03-02,MEFA1,2,ME
25ME058,pass1234,Student_25ME058,2025,25me058@university.edu,25me058@gmail.com,9300050058,2007-04-03,MEFA2,2,ME
25ME059,pass1234,Student_25ME059,2025,25me059@university.edu,25me059@gmail.com,9300050059,2007-05-04,MEFA3,2,ME
25ME060,pass1234,Student_25ME060,2025,25me060@university.edu,25me060@gmail.com,9300050060,2007-06-05,MEFA4,2,ME
25ME061,pass1234,Student_25ME061,2025,25me061@university.edu,25me061@gmail.com,9300050061,2007-07-06,MEFA1,2,ME
25ME062,pass1234,Student_25ME062,2025,25me062@university.edu,25me062@gmail.com,9300050062,2007-08-07,MEFA2,2,ME
25ME063,pass1234,Student_25ME063,2025,25me063@university.edu,25me063@gmail.com,9300050063,2007-09-08,MEFA3,2,ME
25ME064,pass1234,Student_25ME064,2025,25me064@university.edu,25me064@gmail.com,9300050064,2007-10-09,MEFA4,2,ME
25ME065,pass1234,Student_25ME065,2025,25me065@university.edu,25me065@gmail.com,9300050065,2007-11-10,MEFA1,2,ME
25ME066,pass1234,Student_25ME066,2025,25me066@university.edu,25me066@gmail.com,9300050066,2007-12-11,MEFA2,2,ME
25ME067,pass1234,Student_25ME067,2025,25me067@university.edu,25me067@gmail.com,9300050067,2007-01-12,MEFA3,2,ME
25ME068,pass1234,Student_25ME068,2025,25me068@university.edu,25me068@gmail.com,9300050068,2007-02-13,MEFA4,2,ME
25ME069,pass1234,Student_25ME069,2025,25me069@university.edu,25me069@gmail.com,9300050069,2007-03-14,MEFA1,2,ME
25ME070,pass1234,Student_25ME070,2025,25me070@university.edu,25me070@gmail.com,9300050070,2007-04-15,MEFA2,2,ME
25ME071,pass1234,Student_25ME071,2025,25me071@university.edu,25me071@gmail.com,9300050071,2007-05-16,MEFA3,2,ME
25ME072,pass1234,Student_25ME072,2025,25me072@university.edu,25me072@gmail.com,9300050072,2007-06-17,MEFA4,2,ME
25ME073,pass1234,Student_25ME073,2025,25me073@university.edu,25me073@gmail.com,9300050073,2007-07-18,MEFA1,2,ME
25ME074,pass1234,Student_25ME074,2025,25me074@university.edu,25me074@gmail.com,9300050074,2007-08-19,MEFA2,2,ME
25ME075,pass1234,Student_25ME075,2025,25me075@university.edu,25me075@gmail.com,9300050075,2007-09-20,MEFA3,2,ME
25ME076,pass1234,Student_25ME076,2025,25me076@university.edu,25me076@gmail.com,9300050076,2007-10-21,MEFA4,2,ME
25ME077,pass1234,Student_25ME077,2025,25me077@university.edu,25me077@gmail.com,9300050077,2007-11-22,MEFA1,2,ME
25ME078,pass1234,Student_25ME078,2025,25me078@university.edu,25me078@gmail.com,9300050078,2007-12-23,MEFA2,2,ME
25ME079,pass1234,Student_25ME079,2025,25me079@university.edu,25me079@gmail.com,9300050079,2007-01-24,MEFA3,2,ME
25ME080,pass1234,Student_25ME080,2025,25me080@university.edu,25me080@gmail.com,9300050080,2007-02-25,MEFA4,2,ME
25CE001,pass1234,Student_25CE001,2025,25ce001@university.edu,25ce001@gmail.com,9300050001,2007-07-02,CEFA1,2,CE
25CE002,pass1234,Student_25CE002,2025,25ce002@university.edu,25ce002@gmail.com,9300050002,2007-08-03,CEFA2,2,CE
25CE003,pass1234,Student_25CE003,2025,25ce003@university.edu,25ce003@gmail.com,9300050003,2007-09-04,CEFA3,2,CE
25CE004,pass1234,Student_25CE004,2025,25ce004@university.edu,25ce004@gmail.com,9300050004,2007-10-05,CEFA4,2,CE
25CE005,pass1234,Student_25CE005,2025,25ce005@university.edu,25ce005@gmail.com,9300050005,2007-11-06,CEFA1,2,CE
25CE006,pass1234,Student_25CE006,2025,25ce006@university.edu,25ce006@gmail.com,9300050006,2007-12-07,CEFA2,2,CE
25CE007,pass1234,Student_25CE007,2025,25ce007@university.edu,25ce007@gmail.com,9300050007,2007-01-08,CEFA3,2,CE
25CE008,pass1234,Student_25CE008,2025,25ce008@university.edu,25ce008@gmail.com,9300050008,2007-02-09,CEFA4,2,CE
25CE009,pass1234,Student_25CE009,2025,25ce009@university.edu,25ce009@gmail.com,9300050009,2007-03-10,CEFA1,2,CE
25CE010,pass1234,Student_25CE010,2025,25ce010@university.edu,25ce010@gmail.com,9300050010,2007-04-11,CEFA2,2,CE
25CE011,pass1234,Student_25CE011,2025,25ce011@university.edu,25ce011@gmail.com,9300050011,2007-05-12,CEFA3,2,CE
25CE012,pass1234,Student_25CE012,2025,25ce012@university.edu,25ce012@gmail.com,9300050012,2007-06-13,CEFA4,2,CE
25CE013,pass1234,Student_25CE013,2025,25ce013@university.edu,25ce013@gmail.com,9300050013,2007-07-14,CEFA1,2,CE
25CE014,pass1234,Student_25CE014,2025,25ce014@university.edu,25ce014@gmail.com,9300050014,2007-08-15,CEFA2,2,CE
25CE015,pass1234,Student_25CE015,2025,25ce015@university.edu,25ce015@gmail.com,9300050015,2007-09-16,CEFA3,2,CE
25CE016,pass1234,Student_25CE016,2025,25ce016@university.edu,25ce016@gmail.com,9300050016,2007-10-17,CEFA4,2,CE
25CE017,pass1234,Student_25CE017,2025,25ce017@university.edu,25ce017@gmail.com,9300050017,2007-11-18,CEFA1,2,CE
25CE018,pass1234,Student_25CE018,2025,25ce018@university.edu,25ce018@gmail.com,9300050018,2007-12-19,CEFA2,2,CE
25CE019,pass1234,Student_25CE019,2025,25ce019@university.edu,25ce019@gmail.com,9300050019,2007-01-20,CEFA3,2,CE
25CE020,pass1234,Student_25CE020,2025,25ce020@university.edu,25ce020@gmail.com,9300050020,2007-02-21,CEFA4,2,CE
25CE021,pass1234,Student_25CE021,2025,25ce021@university.edu,25ce021@gmail.com,9300050021,2007-03-22,CEFA1,2,CE
25CE022,pass1234,Student_25CE022,2025,25ce022@university.edu,25ce022@gmail.com,9300050022,2007-04-23,CEFA2,2,CE
25CE023,pass1234,Student_25CE023,2025,25ce023@university.edu,25ce023@gmail.com,9300050023,2007-05-24,CEFA3,2,CE
25CE024,pass1234,Student_25CE024,2025,25ce024@university.edu,25ce024@gmail.com,9300050024,2007-06-25,CEFA4,2,CE
25CE025,pass1234,Student_25CE025,2025,25ce025@university.edu,25ce025@gmail.com,9300050025,2007-07-26,CEFA1,2,CE
25CE026,pass1234,Student_25CE026,2025,25ce026@university.edu,25ce026@gmail.com,9300050026,2007-08-27,CEFA2,2,CE
25CE027,pass1234,Student_25CE027,2025,25ce027@university.edu,25ce027@gmail.com,9300050027,2007-09-28,CEFA3,2,CE
25CE028,pass1234,Student_25CE028,2025,25ce028@university.edu,25ce028@gmail.com,9300050028,2007-10-01,CEFA4,2,CE
25CE029,pass1234,Student_25CE029,2025,25ce029@university.edu,25ce029@gmail.com,9300050029,2007-11-02,CEFA1,2,CE
25CE030,pass1234,Student_25CE030,2025,25ce030@university.edu,25ce030@gmail.com,9300050030,2007-12-03,CEFA2,2,CE
25CE031,pass1234,Student_25CE031,2025,25ce031@university.edu,25ce031@gmail.com,9300050031,2007-01-04,CEFA3,2,CE
25CE032,pass1234,Student_25CE032,2025,25ce032@university.edu,25ce032@gmail.com,9300050032,2007-02-05,CEFA4,2,CE
25CE033,pass1234,Student_25CE033,2025,25ce033@university.edu,25ce033@gmail.com,9300050033,2007-03-06,CEFA1,2,CE
25CE034,pass1234,Student_25CE034,2025,25ce034@university.edu,25ce034@gmail.com,9300050034,2007-04-07,CEFA2,2,CE
25CE035,pass1234,Student_25CE035,2025,25ce035@university.edu,25ce035@gmail.com,9300050035,2007-05-08,CEFA3,2,CE
25CE036,pass1234,Student_25CE036,2025,25ce036@university.edu,25ce036@gmail.com,9300050036,2007-06-09,CEFA4,2,CE
25CE037,pass1234,Student_25CE037,2025,25ce037@university.edu,25ce037@gmail.com,9300050037,2007-07-10,CEFA1,2,CE
25CE038,pass1234,Student_25CE038,2025,25ce038@university.edu,25ce038@gmail.com,9300050038,2007-08-11,CEFA2,2,CE
25CE039,pass1234,Student_25CE039,2025,25ce039@university.edu,25ce039@gmail.com,9300050039,2007-09-12,CEFA3,2,CE
25CE040,pass1234,Student_25CE040,2025,25ce040@university.edu,25ce040@gmail.com,9300050040,2007-10-13,CEFA4,2,CE
25CE041,pass1234,Student_25CE041,2025,25ce041@university.edu,25ce041@gmail.com,9300050041,2007-11-14,CEFA1,2,CE
25CE042,pass1234,Student_25CE042,2025,25ce042@university.edu,25ce042@gmail.com,9300050042,2007-12-15,CEFA2,2,CE
25CE043,pass1234,Student_25CE043,2025,25ce043@university.edu,25ce043@gmail.com,9300050043,2007-01-16,CEFA3,2,CE
25CE044,pass1234,Student_25CE044,2025,25ce044@university.edu,25ce044@gmail.com,9300050044,2007-02-17,CEFA4,2,CE
25CE045,pass1234,Student_25CE045,2025,25ce045@university.edu,25ce045@gmail.com,9300050045,2007-03-18,CEFA1,2,CE
25CE046,pass1234,Student_25CE046,2025,25ce046@university.edu,25ce046@gmail.com,9300050046,2007-04-19,CEFA2,2,CE
25CE047,pass1234,Student_25CE047,2025,25ce047@university.edu,25ce047@gmail.com,9300050047,2007-05-20,CEFA3,2,CE
25CE048,pass1234,Student_25CE048,2025,25ce048@university.edu,25ce048@gmail.com,9300050048,2007-06-21,CEFA4,2,CE
25CE049,pass1234,Student_25CE049,2025,25ce049@university.edu,25ce049@gmail.com,9300050049,2007-07-22,CEFA1,2,CE
25CE050,pass1234,Student_25CE050,2025,25ce050@university.edu,25ce050@gmail.com,9300050050,2007-08-23,CEFA2,2,CE
25CE051,pass1234,Student_25CE051,2025,25ce051@university.edu,25ce051@gmail.com,9300050051,2007-09-24,CEFA3,2,CE
25CE052,pass1234,Student_25CE052,2025,25ce052@university.edu,25ce052@gmail.com,9300050052,2007-10-25,CEFA4,2,CE
25CE053,pass1234,Student_25CE053,2025,25ce053@university.edu,25ce053@gmail.com,9300050053,2007-11-26,CEFA1,2,CE
25CE054,pass1234,Student_25CE054,2025,25ce054@university.edu,25ce054@gmail.com,9300050054,2007-12-27,CEFA2,2,CE
25CE055,pass1234,Student_25CE055,2025,25ce055@university.edu,25ce055@gmail.com,9300050055,2007-01-28,CEFA3,2,CE
25CE056,pass1234,Student_25CE056,2025,25ce056@university.edu,25ce056@gmail.com,9300050056,2007-02-01,CEFA4,2,CE
25CE057,pass1234,Student_25CE057,2025,25ce057@university.edu,25ce057@gmail.com,9300050057,2007-03-02,CEFA1,2,CE
25CE058,pass1234,Student_25CE058,2025,25ce058@university.edu,25ce058@gmail.com,9300050058,2007-04-03,CEFA2,2,CE
25CE059,pass1234,Student_25CE059,2025,25ce059@university.edu,25ce059@gmail.com,9300050059,2007-05-04,CEFA3,2,CE
25CE060,pass1234,Student_25CE060,2025,25ce060@university.edu,25ce060@gmail.com,9300050060,2007-06-05,CEFA4,2,CE
25CE061,pass1234,Student_25CE061,2025,25ce061@university.edu,25ce061@gmail.com,9300050061,2007-07-06,CEFA1,2,CE
25CE062,pass1234,Student_25CE062,2025,25ce062@university.edu,25ce062@gmail.com,9300050062,2007-08-07,CEFA2,2,CE
25CE063,pass1234,Student_25CE063,2025,25ce063@university.edu,25ce063@gmail.com,9300050063,2007-09-08,CEFA3,2,CE
25CE064,pass1234,Student_25CE064,2025,25ce064@university.edu,25ce064@gmail.com,9300050064,2007-10-09,CEFA4,2,CE
25CE065,pass1234,Student_25CE065,2025,25ce065@university.edu,25ce065@gmail.com,9300050065,2007-11-10,CEFA1,2,CE
25CE066,pass1234,Student_25CE066,2025,25ce066@university.edu,25ce066@gmail.com,9300050066,2007-12-11,CEFA2,2,CE
25CE067,pass1234,Student_25CE067,2025,25ce067@university.edu,25ce067@gmail.com,9300050067,2007-01-12,CEFA3,2,CE
25CE068,pass1234,Student_25CE068,2025,25ce068@university.edu,25ce068@gmail.com,9300050068,2007-02-13,CEFA4,2,CE
25CE069,pass1234,Student_25CE069,2025,25ce069@university.edu,25ce069@gmail.com,9300050069,2007-03-14,CEFA1,2,CE
25CE070,pass1234,Student_25CE070,2025,25ce070@university.edu,25ce070@gmail.com,9300050070,2007-04-15,CEFA2,2,CE
25CE071,pass1234,Student_25CE071,2025,25ce071@university.edu,25ce071@gmail.com,9300050071,2007-05-16,CEFA3,2,CE
25CE072,pass1234,Student_25CE072,2025,25ce072@university.edu,25ce072@gmail.com,9300050072,2007-06-17,CEFA4,2,CE
25CE073,pass1234,Student_25CE073,2025,25ce073@university.edu,25ce073@gmail.com,9300050073,2007-07-18,CEFA1,2,CE
25CE074,pass1234,Student_25CE074,2025,25ce074@university.edu,25ce074@gmail.com,9300050074,2007-08-19,CEFA2,2,CE
25CE075,pass1234,Student_25CE075,2025,25ce075@university.edu,25ce075@gmail.com,9300050075,2007-09-20,CEFA3,2,CE
25CE076,pass1234,Student_25CE076,2025,25ce076@university.edu,25ce076@gmail.com,9300050076,2007-10-21,CEFA4,2,CE
25CE077,pass1234,Student_25CE077,2025,25ce077@university.edu,25ce077@gmail.com,9300050077,2007-11-22,CEFA1,2,CE
25CE078,pass1234,Student_25CE078,2025,25ce078@university.edu,25ce078@gmail.com,9300050078,2007-12-23,CEFA2,2,CE
25CE079,pass1234,Student_25CE079,2025,25ce079@university.edu,25ce079@gmail.com,9300050079,2007-01-24,CEFA3,2,CE
25CE080,pass1234,Student_25CE080,2025,25ce080@university.edu,25ce080@gmail.com,9300050080,2007-02-25,CEFA4,2,CE
